uuid,username,password,created_at,user_id
b0ca8faa-6087-4a52-8da8-f87819ef9db3,redlion952,"b'$\xa7\x80M\xd0\x1e\xf6\xa0\x07dH\xe5XZ\x82\xd1\xd2#\x801\xb1d\xaay\x8dX\xee=\xbd]""O'",2022-03-14,1
33df7f85-2615-4c62-a21e-e953f252e9c3,tinymeercat785,"b""\xc5\xd3y1\xfb\xf5\x97\xd1\x0b'\xe6\xa9GQH\xfa\x05Gz\xe7Y\x8d\xbe\x8e\nh\xaf=t\xc5\xf9/""",2022-03-14,2
3b1ddefa-9203-4f65-af2e-6565901ceb02,sadpanda162,"b""Fkz\xbfU\x00\x85W\xdd96\xf6\x1e\xa6\x19\x1c_\x86\xf5U\x12d\xad\xd1'G\xe9\xf8\x88g\x99\xd8""",2022-03-14,3
9fc0e814-8787-437b-b1bb-2f4f86b146d6,purplefish398,"b""\xb7\xbe\xc1\x11\x00\x84\xda',\xceG\x06\xca%\xe3\x0b\xf8\x1d\xc8B\x19\xc0\xd9\x01\xfb\xf9\xcbP\xec\x1a\xe0\xd1""",2022-03-14,4
b1c932fe-3e54-4878-989f-cd85b6da45e4,crazyswan401,b'\xd2=9\xc6%-*@`\xc7\xea\x9ev`\x00k4\xe3\xfc\xa5\xf1n\xe8\x1b\xaa\xc9\x14\x17\x93\x05\xdc\x81',2022-03-14,5
f0df4daa-124e-4dba-bce2-8bf3cb320f18,yellowkoala618,b'\xce\xf5\xa1F\xd6\x17b\x18\x13\x91\x13\xe1H\xf0*\xa9\xbd\x14mQ\xec;\x17<\x91\xcb\xfdA\xb2\x182\x0c',2022-03-14,6
b5778a4d-5c0d-4d91-8fd4-9068c543a3e4,redgoose595,"b'\x0f\xbb\x9a\x12\x05\xce\x08\x80\xadH<\x00\xec\x18\xea\xbd\x964$\xd1\xd1%\x05\x83\xfc\x9d\x9c\xc1R,\x84m'",2022-03-14,7
8291d867-9b10-4830-a0ef-0f2894105d4f,happypanda565,b'\x9fI\x89\x18\x91\xfc\x1bc\x97J\xfb\x89so\xd0r\xea\xd4\xc0a\xd1\xc6\xa4*\xad\x15)UU\xa1qi',2022-03-14,8
8c903ffb-3e0b-4eda-8ca3-2ccb1e7e0cd0,purplecat724,"b'f\xf4,d\x11B\x89uP:n\x0by\x91\xc5\xech\xde\xf3EX\xbfH)\xc6\xf1\x96 \xa0\xc4{v'",2022-03-14,9
a05c5530-75d7-44c2-9987-db7dac4c8474,smalllion379,b'\xa7\x0f\x07\xca\xde\x8a\xaf/\x8c\x80\x04A\xc6\x90yZ\xf9b\x83T\xdd\x12\x9a\x1e\xb2\x83\x89\xb3?\x8a\xabp',2022-03-14,10
d23849d6-fa97-42c5-a0b3-c30a9380cfe1,bigrabbit161,b'\xa4\xa0\xfa\xd2\xe1S\xd5B\x0f&\x8bG522\xf9\xa0\xec\xcc]\xd4@\x14\xd7+\x81\xafJ\x93B\x06\xfe',2022-03-14,11
3efde357-f490-4413-b96f-ac33ae60a643,lazyswan860,b':\xc6|z\xc4a\x99\x03\x08\x7f\xafe\x8a\xda\x98\xc1\xc3=r\xb9\x19\xe2\x9d=@i~\x9a\xfaF\xfef',2022-03-14,12
9bc610c7-b5e9-4000-a369-1fb4d9718a6a,heavyladybug731,"b""\x0es\xb9\xab\x12\xd1\x088M\xf5\xf4\x0b8p\x8b\x0e\x95\xac\xd5k7\x01\x9c\x17\xfc\xe9\x89'\xa23Y\x9e""",2022-03-14,13
3eebec25-b1a5-482a-8fd9-ab6d46399a6e,blacksnake779,b'\x82\x9b\xe3\xf0;8}\xc5\xba\x08Al\xda\x07\xb9\x1c\xef\xb4\xd7\xa6\\\xd4K/|\x07P\xe7\xa7s(\xeb',2022-03-14,14
6511b60b-2c85-4f6b-99a5-678f96b8ba17,bigrabbit860,"b'\x05\xf9\x04}\xff\xa5vN\xe2\xe1\xc0\x84\tE\xe7\x1d.pS\xb9\xf1\x88B\x93\xc2\x8f\x05(\xd4\xe3""\x96'",2022-03-14,15
219fabe2-7861-4a79-a1f9-dcec45e0159a,silversnake720,b'QV&\x8f\xaem\xc5\x08PK\x02\xf8\xb9T\xa6\xcdUuH\x91c*#\xa1\x94e\xc8\x8b\xf8\x0e\xfa\xc4',2022-03-14,16
392b5df3-fe4b-41c8-a707-82e318254e8b,reddog735,b'\xd330\x85\xa1\xf8\x16\x8c\xe1a\x7f\xa4\xe0\xad\xbf\x93q\xcf\xe8A\xde\xc5#_\xd0\x99\x10\xb2\xa6\x85\xb5\\',2022-03-14,17
c7810ba0-ade9-4070-8d84-336c9531cc04,crazygoose457,"b'\x8a\x7f\x98,`k\xe7}$\xc5\xa7;\xeb\xf7\xda:\xb6\xed\xf3\x12\x99\xe1\x11\xecQ\xd5\xcb\xdcZ}5\xb9'",2022-03-14,18
b49f82c3-965e-459d-9c92-223bcf1339cb,bigpeacock100,b'\n\x96D\xbc\xfdg:\x1b}\x03L.n\x1a\xb3\x07\xf9\x07\xb8\xb5\xaf\xa7\x13\xaa^\xea\xab\xc0\xd6\x0bG\xba',2022-03-14,19
c38aaf5e-51af-432f-8583-4e9218ee9876,goldenpeacock227,b'\x0f\xf3\xc6E\xb2u\x91\x0e>\xa1\xc1\xb6l\x89!\x91\x9dr&\x14N\xb1E\xc1\x92\x07\xcb\xe3\xea\x951H',2022-03-14,20
158c5ead-eaec-4279-966f-47eec65c0248,heavycat100,"b'\xa3\x988\x1c\xcc,\xd7[\x9e\xca\xdf@\xc2\x85\x8am&\xd4.$""\xf8\xc1\x8f\xb8}n\xb2\xdc\x9c\xb2T'",2022-03-14,21
f158c6fd-2e08-4959-b029-1ebdcbd99e9d,bigostrich455,b'\x15\xb3\xad\xc2\xaf\x83\xec\x0c\xb8\x02\x99\xf0r\xa6\xc8D\xf1q4\x16\xea\xbbVDk\xc1\xdeT\x9ae\xda\x8e',2022-03-14,22
3d567ce5-b4b7-4de5-8809-650d129ea357,heavysnake933,"b""\xc5x-\xd5'w\n\x8c\x8e#\xbc>\x1e\xd7z\xed\x83\xa3\xfesD\xdb1<\xd11*M\xcc\xb9\x1e\xd2""",2022-03-14,23
f8432e8a-1c18-4496-8b35-538c546d0a0f,whitekoala603,b'\x0b\x08{\xd3\x13\xa8d\x80p X\x0c\xe5\xa4\xdf\x1cF1\xdd\xbe\x7f>\xe7TJ(\xf4L4\x98\xe9;',2022-03-14,24
ee6f79ae-d725-45ad-a0de-d7dd16367976,heavycat312,"b""\x1e\\\xbf\xda\x05'\x19\xb1\xeb\xa9v\t\xe7\x8duF\xbc\xd5\xd92s\x86,\xac\xc7\xb8\x8a\xe8\xea\x19\xa9\x07""",2022-03-14,25
2226664a-600e-4712-89b1-bdf338173613,browncat498,b' 8C@\x98\x10\xde\xa9\x99\xcb\xb3\xad\xd3\xee\xf4%b\x9fi{\xedFSS[z\xca\x7f\r\xdb)\xe2',2022-03-14,26
7b4aa0b7-22f1-4df7-91e5-42cbf3a7acf0,purplebutterfly449,"b's\xf1M6z\xe1 \xd2,\xe3\xc0\x84a\x14\xef\x95\xfbN\xa8\x9b%\xb7N)\x0b\x8a\x7f\xd3r-\x0c\xdf'",2022-03-14,27
917865ef-a152-4dcb-b999-2432309d2549,blackkoala105,b'\xa2\x0c\xae \x1a\xc7\x9c\x12\x9fS\xd1\xbcD\xf6\xa3M\xactt\xcc\xe9\x93m\xb0`g\xac0\x08\x80\xa3\xa1',2022-03-14,28
8a9b73ac-2a16-4141-8708-26b1cd97b7d3,goldenlion544,b'*$[\xdcj\xfc;\xd1GoN\xdf\x1bC\xaf;6\x14\x84\xee\x8ag\x18\xb2%\xd2\x81\xfaj\xd0\r\xb3',2022-03-14,29
c9cb80eb-c334-4a56-963a-da38ba55a409,sadelephant444,"b""\x80Mj\xc7\xa1\xf0\xc9\x0chR\x9fNQ76\xc1\xd54\xa8\xcc'\x85\xea\xc6\xf4\xd2\xdby\xaeh\x07+""",2022-03-14,30
ea5a0a9d-e2cd-4b06-8ffe-32b163ce886a,angryfrog849,b'_\x9c\xba\x10C\xee\x1c\xfb\x99\x1a\x98\x02\x1ci\xb3\x1c\x12\xb3A\xa9\x83\x896Kd\x88\xdb\x998\x8cf\x84',2022-03-14,31
f776c8fc-3514-4a75-9fbd-882d76828f77,lazypanda407,b'V\xd2\x0b\x9f:\x0b\xd3qI\xbfr\xa4\x8anG\x95r;\xad\xf6\xa5\xdbX\xa0\x14\x8a\x1eegx>c',2022-03-14,32
b34331e3-986a-4b8a-b3b7-3b6799e5bb96,silverzebra552,b'\x11qx]lC\x9bu\x9e\xda7\x0bG|\x13T\x0e<P\x9e\xc6\xac\x8bd$\xaf\xd7\x16\x03\xb5\xb8\x86',2022-03-14,33
b45d6736-59c4-4561-b3e0-b89b8b3bbab4,orangepeacock271,"b'\xde>\x98f\xc7\x8af\x8aEg\xda\x1b\xeb<?\xa72\x80\xb3\xed\xc5\xe7p\x08\xa2l""\x01\xa1\x08z\xce'",2022-03-14,34
b3ca55b9-39e9-483a-80ba-aaad7e8b3e5a,blackcat407,"b'\x1e\xd8\xa3\xa8_\xf1\xa7j\x15\x9d\xa0\xdbu,+_f\xb9\x13\xa2\xd6\x88\xef\xa7~\x18\xcf\xe7\xf5\x85D&'",2022-03-14,35
f10fbd39-31b4-4a57-b911-62ecbe6e7858,heavylion609,"b'4;L\x8bk\x9e\x9dJL\xfa""i=\xf0tH2m\xf1\x83h\x1f\xc6\xfb\x16\xf6\x1a2\xa1\xcd\xb37'",2022-03-14,36
50373de9-4c19-4a7a-9591-219d6145ffaf,happyswan817,b'\xac\x07\x18\xf3W_\t\x97\xd0\xd94g\x96I(\xc0g\x0f\x03\xa3\xc9\xbd\xa8\x18gW\x94+\x1c\x808\xc1',2022-03-14,37
8463ba5f-a3b9-483b-93a4-1e57e6b96916,purplebear643,b'Rjn\xee\x8f\xc9\x10N+q\xa9\x02\x1d\x00\xe93\xd1\xec\x03\xb5G\xdc\x06\x89lD\xdc\xd7\x80%U\xe2',2022-03-14,38
b5a90628-0436-405c-8e47-34d2d44f8718,heavygoose946,b'\xd6^X\x0e`V\x02\xf7\xfb\x04\xaeK\x9cv\x08\x03\xc7\x87Tdo\x06zM7\x9c\xa4\xd9\xe6\xf7\xa6\xbf',2022-03-14,39
e701b071-714a-437e-9dd9-e66d69d94318,purplekoala184,b'\xa8`7D5\x8d\xf7\xcd\xa1\xf4\x07i\xb21)Ya0x\x14\xda/Wp\xd2P\xfc\x07\xc3\xd4H@',2022-03-14,40
37bd4e59-2619-4c5b-a3f0-2c15efee0d64,organicfrog116,"b""'\x87\x8di\xabK\xf2CWN\xf0\xdc\xa1\xd9)\x06@\xaf\xf3wJ\xc9\x93\x03\xd3\x9c[\xb9a3\xce\x0f""",2022-03-14,41
1bd1a5c0-b47b-41bd-bca2-b33b7205e005,smallpeacock455,b'4\xe6\xaa\xa7\x00o\r\x8a\x969t\xa5\xa5c\x0e\x99\x84H\x96/\xc6\xae\x92\x93ZZb\x88\xf9\x11\xcc+',2022-03-14,42
2063a203-8a48-44a0-9e04-a6152681f25b,happyrabbit134,"b'\xcd+\xf7\xedJ\xa4)\xd3\x0bz3\x97\\B$\xc0,t\xf0\x89\xac\xd1\x08\xd7\xe0\x96\xd5\xd5A\xc1\x17-'",2022-03-14,43
1eabc2a6-954b-45fd-9548-458c9d8176bf,tinycat986,b'\xf0\xeb\xa8\xa4\x9e\xd7o\xdb\x07\xac\x84\xa0\xa8\xe9xHD\x16\xc6\xe9\xc95\x07\xdb%\xaa\xd1:\x980A\xf0',2022-03-14,44
d50d6fe6-66df-4a65-9e6d-e6c6311bf997,sadswan795,b'c\x1b/\xd8\x1fv&\x9ec\x1d\xb4\x8e  \x98C\x9a\xd3\xd8R\x10DR\xa5\x9fe\xf2}\xb5\xfcD\x1f',2022-03-14,45
871e713d-5123-4245-a88c-ea2eced3fe68,smallgorilla135,b'QR\xea\x90 \xff\x8fJ\xe1~\x84_\xda\xf9\xac\xdeaK\xdd\xbd\xf6\xc6R\x16*\x0e$@!\x81\xdd\xdc',2022-03-14,46
98741bbd-e271-46c8-8370-5b00a87e6587,redrabbit519,"b'\xfdK\xb8b\x02\x9e\xd8\x87.\xe6\x1e_IJ\x9fC\xf9\x8d\xbc""\x12\x8e\x96tG\xc9d2\xf8\x16rI'",2022-03-14,47
93e23227-13ee-47b1-8210-9a6fac1110f6,purpletiger808,b'o\xef\x80+n\xc2\x1c\xb1\xfbJ-[\x96\x13\x95\xc9\xf7%\xfd\x10{\x19e:\xecW\xdd\xe4\xff\xddt\xd3',2022-03-14,48
79570b0e-fc79-44fe-bb23-e32794828698,lazycat582,b'\xe6\xff\x89\xc7\xeb\xcas\x1b\x83\xdcv\x86\xde\x17\xee3\xf7\xd1\xf5\xc7G\xa6c\x11=\xe6\xf5u\xf92\x94\xae',2022-03-14,49
16970dde-a5fd-4b8a-9734-b4ca5ad41a34,blueswan643,"b'\x84\x91\x9e\xef53\xeb\xb5!\x81\x87\xd4V5\xd0\x1d\xa8\xd0\x0fd\x7f,\xd0Fg\x06|\x16\x02:c\x06'",2022-03-14,50
45a87cea-16c3-42a5-a40b-c72dc882202e,ticklishbird361,"b""\x07\xafXM\xe2f\xb6\x91\xa0\xf0\xa7\xe5p\xf5'\xd4cy\x8d\x0c\xfa_\xfc~\xdd\xd7\xa3<4\xa3\xc0/""",2022-03-14,51
3202b23b-4b02-4664-8727-0cec7eeacd00,blackmouse815,b'M\x07\xb8\xc6_&\x80\x04\xc1\xaa\xe0\x86\x8bue\x99\xda\xf4\x00l\xdb\x94\xa6\xfe\xcd\xd4W\xb7\x0f\xb2[y',2022-03-14,52
7c5e1ffb-d501-4804-90cf-3122ee0b5971,heavylion959,b'\xdc\xc0l\xbb\x86\x0e~H?\xd6\xf3g\xb4i5\x05\x9f\x06\x95H\x1a\xfa\x93X}\xb9\x877\xe8H\x8fq',2022-03-14,53
5aca0530-4d8d-4a2e-a8bd-1985f3320657,sadmeercat747,b'i\xd5\xbeDh\xe0\xe3/\xf4X\xe4\xbfc:Y\xa8\xc1h\xff\xd8\x05\xb0\xb2\xfe\xfd\xfcp\x01.\x8a\x93~',2022-03-14,54
616a028b-4670-47c4-a18d-86f8e748816f,lazyzebra198,"b'&\xc1\xaa\xfe\\g,\xb2_\xe0\xdd\x07\xce\xf9\xe9d\x95Kb\xf8\xb6\xd25\xb8\x97;\x8cy+\x07t7'",2022-03-14,55
f0a601db-0815-432c-aea9-2a05d8b18495,yellowlion887,b'\x1f\xd2\x88mCY\xc6\xe4\xfd\xe2!\xf7\xd8\xdbi\x9f\xe8HN\x1b\x94V\x05\x80\xb1\xafO8\xb8\xba\x0b\xa8',2022-03-14,56
69a384a0-70e7-401f-aed3-6f73431e742e,smallbutterfly743,"b""l\x0c`>}9\x82m2\xf8\xa1\xbf\x0e\x1a\xd2\xbe\x84W2\x1f\xe2\xc5\x0bd\xb1\xec\rq\xd6'\xa62""",2022-03-14,57
7b5cda81-53df-41f2-a6ab-27a4386505f9,crazyostrich274,"b'\xcf*\x83\x14\t\xad\xb8\x0f\xe4\xc4}\xb3Z\x9c\xd0pw;\xb9\xad""9\x01V\x8f\xda5\xd4\x0e\x9b\xfaN'",2022-03-14,58
53d93974-6794-4978-a90c-f8a1d5d11ca5,smallwolf258,b'|\x11m\xe8SC\xf2K\xc9\x19\xf9\x1cW\xef\xbf:Od\x05+e\xed8}\xdd@\xa5g\x07\xa3]u',2022-03-14,59
ffb00b65-6d43-459c-bcb5-e949e6d7b869,brownmouse961,b'\x1c\xdc\x90\xed$\x8d\x9c\xb6\xf6\xc4\xdf\xce\x01 X\xb7or\x87i\xbew\xa1\xcc8\x8aO\xa3\x95Kmq',2022-03-14,60
56a368c3-5452-421a-b7d3-615f0d224393,silverpanda612,"b'\xd8,R\x0e\xf4Q\xa0\x95.\xe3\x0e4P\x99\xbd""\xa6\xd7\x9d\x98\xfc\xcc\x1b\x10a\x00\xcb<\x9b\xa9\xd4\xb5'",2022-03-14,61
c5e19846-7ba9-406a-9822-57fb6337e7b6,redbutterfly917,b'\xf1)\xf3q\x05zk\x93\x0f\x18\xbf\x03\x11\xe5\xe1\x01\t\xed\x8b]\xf6\x05\xa5\x0c\x80u\xc6\xe4 WG`',2022-03-14,62
24c56e8e-fee0-4afa-b06b-40c5df26c079,blackswan447,b'\xf0h\xabw\t\xc7\x14&\x9bW\xea\x12_O?\xe7\x1bt^g(\xe16\xd2@\xa5Mt\xbfA\x8f\x9a',2022-03-14,63
74432029-d59b-413d-b0e6-309888c06905,crazyfrog847,b'F\xeev\xf0\t\xad>XN\x1d\xa2\xe1\x8b\x8f\x8fhVn\xb3\x05\x82\x81\xf8\xaa9\xd9h\xca\x99\x96\x88|',2022-03-14,64
5e0bb4eb-56ec-43ed-8d53-0e39d437bf2b,goldenkoala243,b'\xf5Uc\xd8xV\xe4**UT\xd2\xd3\xba\xcf3u<_\xd3]\xa5qp\xf5\x14\xf0\xce\x82\xdd\xe8\x18',2022-03-14,65
872c37f8-b0f4-4412-ba33-2abedf36bca0,happygorilla104,b'\x19\xe5/\xb7\xd6\x89\x90b\x02\xf9\x98\x04O\x85[x\x8dO\x12\x05<\xb9l\x9eo|\x01\x1e\xe6r\x95\xac',2022-03-14,66
a107eaed-84c8-430e-9ca8-762df53a1754,silvercat652,b'&\x0c\x07n-\xbb:R[\xf7t]\xa9\xeb\x8c`p\xe3\xc8IA\xd7\xaa\x0e\x8c\xf7\xf3\xba\x8aQ\xeez',2022-03-14,67
7e922af1-5778-4bf2-b6f8-099b8ac69dde,redostrich317,b'\x98(h:\xdf\x81 \xa0%\xa0\xa4sx\xd4\x82\xed\xe7cx\xf40Q\x85\xc7\x843r\xe9\xb6&\x8a.',2022-03-14,68
c3d14f4f-d0b4-4133-950c-8f02a553a619,yellowdog984,b'\x17c[g\xe5T\x87\xad\x9f\xfdY?\xaf\xdc\x82R+\xd1\xc6\xe9n\xd2\x84\xc0\x8e\xa7\x1bP+\xda\xe8D',2022-03-14,69
af07ad98-b3cd-456c-9504-9d7b53277f73,tinybutterfly225,b'\x9f\x86\x8e\xfd\xfc\xb5`N\x86\xa6\xf8\xd1\x11\r\xa2\xa4\xa9H\xc1\xbc\xb3\xd6\xefJ\x19-r\x88)\xdfh;',2022-03-14,70
ff063095-012c-4aa1-bd8f-b733a32f35ca,sadelephant845,b'5\x80\xad^\xcf\x08l2a\xf7\x0b\x99\xe2\x16\xde\xea\xccK\xa9\xd4O{\xcd\xecTG{\x14#\xd1\x98\x1a',2022-03-14,71
642830bf-5d15-4487-adc6-c6e5b07bb304,yellowkoala930,"b'\xf8\x08\x852\x1f@\x86%2_&e!\x15\x1b\xbc\xd8\r{,\xeb\xa7,\xa1\xf4\xe2\n\xbf\x98[nX'",2022-03-14,72
6c493b8c-daa1-477a-a4d3-19ee6cd8f236,sadsnake948,"b',\xc1e\xd8\xdfH\xd1E\xd96+]}\x93\xfcV\xf5\xc8\t#\x06y,\x80x\xe5bP\xea\xc2\x11r'",2022-03-14,73
8ddcd20e-d9fb-486a-b006-a090c7f61282,ticklishkoala584,"b""'m\xe6\xd4F\xc7\x92\t\xe21)\xa1(v\t\xf3\xa8\xb8\xdam`?=\xb2\xc8\xc6AD\x0f\x88\x99t""",2022-03-14,74
8c52b797-bbce-4ca6-a2f7-f3af0357ec0b,orangedog506,"b'\x9e\xb9\xf9\xdfb8\x1b\xe8\xb0\xbf \x98\xd5\xcdn3\x89\xdaaZ-\x01\x9c\xa9\xb9\x94\xe5\xe3""\x891\xc2'",2022-03-14,75
2ba406b3-0193-4317-b905-2683b68274f0,beautifulpeacock714,b'\xf5g\xcb\x9d\xef\x8cCHb\xe2#\xe2\xdc\xdc\x92\x9e\xf7t\xb3|\xc7\x94\xa2\xcb&\x1d\xe7\xf7\ru\xfd\xf4',2022-03-14,76
e6dbfe2f-434f-432b-be27-98f7eb6b485d,redfish942,b'n\xd6\x0bpd!\xab\xe0jy\x03\x87\r\xc0a\x8d\xec\x01\xadN\xad\x83\xb7Z\xa2\xb2\x0eTcA\xf1\xdf',2022-03-14,77
17f31173-297c-4012-a59a-5fe7ce9df06a,orangeostrich191,b'{\xc9\xb3\xc3@\\\x13\xc1\xa6- qN\xa1\x05mz\x9d@\xca\xfbofg%h\xea\xf5y\x9a<y',2022-03-14,78
1d5d2ccd-2cb8-40a5-a93f-e61782530b0d,whitecat786,b'\xa6\x01\xbd/k\x95\xfb\x91\xc2>y\x0f$+\xfa\x9c=<\xe0\x1b\xceN\xe7\xb5g\xd6i\xd8E*\x88\xc5',2022-03-14,79
e33ecc0a-5cb5-46f5-8b0c-f8f21c666d09,organicmouse353,b'\xa3\xd6\xbaX\xc7\x84\xd6\xa69g\x0c%\xddl\xa6\x1c\xb8\x91R\xdb\x85b\xd0;\xdb\xb5B\xd4\x838kE',2022-03-14,80
f71b213b-dc68-4f34-b17b-f327d3d021ea,organictiger212,b'/\xb8\x0f\xb1/\x1f\x08`&0)\xb4\x0fww\x9d\x1bq\x11\x83\x0f\xc5z\xd8\xd0\xde\x01\xfeLd\x0f\xf5',2022-03-14,81
975d494d-05f9-4976-a83f-c94fb23876c6,tinyelephant238,b'\xce\x82\xc90OdP[\x96\xdf\x91YoDm\x7f\xe9 \xe6\x19\x89\xe4-\xdenQz\xf4\xd3\x08\x14\x89',2022-03-14,82
ee31f284-3010-4e5f-b3f5-176181ef1018,ticklishduck325,"b'\x02/\xd2\xe5\x04o\x17\x04\xb3!\x15\xf8\xa5~\xe3}\xa7\xc3\xe1""\x94\xb19/\xf0\n\xfd\x9f@\x8a@z'",2022-03-14,83
03f695cc-9e92-4aac-b181-e8208cb0304b,bluetiger224,"b'j\xad\x17\xc8\xd0%\xf0EP\x0e=!\x92\x92V\xc3\xd8\xbbuaa6\x80\xcb""\r\xa4\x9d!\x8a\xc8\xc9'",2022-03-14,84
ff2105b5-c0a3-4b05-9441-41fd449ecd4c,bigelephant868,b'\xcf/nK\xfe\xa3|\xd5\xcb\xfe\x97m\xdd\t\xa1~\x96\x1bX\x12\xfc9K\xc3\x84\xb7XE\xce\x1e\x0ch',2022-03-14,85
96443385-366f-4699-bd7b-9a1101f7254c,orangetiger228,b'\xc9\x1d\xa90*\xbe\x13\x15\x1fV\x8a\xe6uX\x07\x19\x1c\x0cG\xfc\xa6\xd9(\x93\xaf\xc9F\xb0aZ\xb8{',2022-03-14,86
6eb2718d-8e8f-4462-a26b-d113df754b4e,bluebutterfly864,"b'`\\#\x806\xda\x15\xe6\x90\xbag\xc8\x9a\x0bo@}~\x8dQrl\xdag""\x12\n\xab\xe8\xc9\xec\xfd'",2022-03-14,87
f98165c6-288a-4f66-8382-0c1b2e9a91ed,purplefish279,"b'\x82\xdd(P\xfa\xc2-q\t\x9c\x1e\xa1I[?""\xaeyq\x18\xbcZ\xe3YD\xc1\xeex\n\xc9\x01\x03'",2022-03-14,88
ce323e32-3ca1-4262-a0c6-bb3e64c25122,goldenelephant670,b'%[|\x17\xd2R9\xe7M\xb9w\xfd\xa8Rn$\x00=\xf9\xa4\x88\xcbn\x81\xf3T\xde\x8a\x12\xb6\xa3\xdf',2022-03-14,89
8d0445b5-d9fc-4b78-8b62-52089cff063a,lazypanda558,"b';\x08\x8f3\xc4\xc1\r\xa9=\x8f\xf9\xba\xdaV\x0e\x86\x98\xd3\xf4\xb0\xc1=""c\x8e\x93e/\xe4\n9\x11'",2022-03-14,90
903d5617-844e-4489-9dd0-7eb2ac3d9a22,lazypanda136,"b'\xe9\xd8\xd5\xd7\xb7\xcf%+3t\\\x18\x11\x9b\x88\xeb\xceR\xad1""\x06\xd9d\x9a\xdc\xb5\xfa\x08\xdd;\xea'",2022-03-14,91
9d83d325-0f2a-4827-9dfa-c29de72bf30b,organicmeercat121,b'\x95\x89\xf1\x1d\xc1n/\xe0\x16\x86\xcb\xc0\x9c\x08\\T.\xdd\xcb\x9c\xf1\xbd\xea\xf3\xdf\xaf\x04\xad-\xba\xbeN',2022-03-14,92
8ff6128f-b1b1-4e28-b14d-24f8d46727cc,bluebird167,"b'Z\xd8\x13\x91C\x0e\x90>\xbd%j\xecK\x0f\x03m\xf2\x1c\xcb5""f\xb4%\xa6\xc7\xdc\xdcTv\x0c\xbc'",2022-03-14,93
acaf42ec-770f-4e76-803e-b9b003c34c4f,orangebear760,"b'a\x1e\x1f\\e\x06\xf2w\xe8\xb7\x03\xc4 \xff D.\xea\x99\xc9\xfa""\xd7\xac\x99\xd9 \x12\xff\x14\xbdZ'",2022-03-14,94
2fbf0669-a341-4742-8038-49044762a1e7,beautifulwolf909,b'MG|\x88~\xdf\x80\x1c\x07\x84\x08(\xdd\x80Q\xf5h8\xf6s\x1b\x13\xf0\xe5\x0ba\xe7\xac\xb2\x1d=\x1d',2022-03-14,95
80024342-e720-413f-b94e-e10f6ff40e10,smallcat154,b'\xe5\xe3\xabm\xc9\xec\xd2\xf4\x88\xd1\xfa#\xf7=\xc7w\x8bT\xaeF\x94\xb6\xd0M\x04\x80V\t\x0b\x88;\xb3',2022-03-14,96
560cc0bf-5ef8-4ed3-93a7-2ccb32b41208,beautifulelephant930,b'\x0c\xf8\xaa\xdb\x14\xe4\xf1\xb9\xcd\xef>\xae\x17\x9f\x16\x84u\x87\x90\x15\x91\xd5\xa8x\xefc\x7fh!?c\xf7',2022-03-14,97
d35f3386-32bb-4953-8e04-42569c85c1b1,crazybutterfly882,"b""7\xbbh\x14\xa3I\xd4\xf6\xfdIw^\xa8*\xff(\xdd\x90\xeb\xd1\xfe\tw\xffl\xdc\x8aR\xa4':\xca""",2022-03-14,98
fd9dcf02-0554-49b3-9fee-b9a86f6d7475,heavypeacock980,"b""\xed\x92=\x04\xbe\xb1s\xc2C\xd52\xb1~'f\xa5J\xfb\x00\xa1\x7fsE\xc6n\xce\r\xae\xc7\xf33\xfb""",2022-03-14,99
9dae8619-8a3b-484a-b93b-32ca96b3ff46,ticklishfish406,b'j\xca\xa0\x18\xf9Voqm\xeeQ\xbc6;\xbb\xdc\xa3\xe29\xe3w\x1f\xbb\xb9\xd1~\x17\xa0J\t\x85\xf8',2022-03-14,100
b6d5b3cf-8dce-421b-8028-e9ee09fa9966,blacksnake227,b'\xeb\xb8\xd5\xce\xf3I\xf3\xa1\x8e\xe2$\xa4\xaa\xb7\x03\xe2%\x0f\x0f\xe5\xf2H\rD*\xd0\x12\xd7v\x1f\xbd\xdd',2022-03-14,101
de26b3ce-6e97-4366-89a2-6c7b5bfcbd65,tinypanda279,"b'\xe9 \xa9y\x92\x06\xd3\x0c\xe2\xc0\x06\x18\xc60\xf3,.\xf8Y\xa5\xe5Cz\xb1\xd7\xce\xe2\xd0T\\\x98g'",2022-03-14,102
fa699822-19f5-433a-b52a-e55d8e34ca22,angrygoose504,b'\xd2;b\xd3\x1cGg\xf3\xf2g&\xd3vE+\x05\xed0\xaeM\x1c9$\xc67w\xd76\\\xd4\x813',2022-03-14,103
b0ebfe28-21e2-4f9b-a98a-63790b10b950,yellowfrog159,b'\x1b[;\xc6\xc7\n@\xa9\xbb\xe1\x97\x18\x14R\xc3\xd8\x91\x0f\xa8\xf4s\x08\xa3z\xd7H-C\x7f W\x91',2022-03-14,104
cb983388-52e4-4cc3-9142-7dbc1c704a61,greenbutterfly800,"b'\x8c)\xa7\x1e\xc5BN\x15I\xdb{\xc5\x11`6\xc18R\xccr!\xd9-O\xeee\xac$\xea\xae\xc0,'",2022-03-14,105
1851a468-158a-41e3-926c-bc357cbda4e1,bluekoala253,"b""Sz\xca\xcd\x12Hu\xa8\xee\x85\xa5b8\xcf\x8b\xb4\xa7Y\xcb\x02\xae\xb2hP\xc2\x18\x83\x16'+G\xa4""",2022-03-14,106
7fbd4c0d-b50b-4464-a2d5-4fbbc3f20262,purplesnake326,b'\x9c\x82\x18V\x9d ?\xed\x14P\x96 \xed\xaf\x81N\x13\x98g\x0eU\x97\x1b\x91\xd9z_}\xe9&{`',2022-03-14,107
79cb722a-1477-4dce-966c-9de317a4d283,purplebird643,"b'$\xda\x03\xa5\xadgs\xfdDQ\xb6\x8c\xad\x02\xbfT\xfd\x89\x9e""\r\x117tWD\xaeU\xe6y2\x0b'",2022-03-14,108
664b50d1-2b32-4de8-a924-5da9ef3fcdb1,goldenwolf628,"b""\xb8\xca+'L\x050\x82\x0fv?\x966W,\\\x0c\xd0\xd7\xaa\xcctz\x166\xdbc\x04\x959\x82 """,2022-03-14,109
3bb64d33-2c4e-4375-9057-d1cfeed50325,organicleopard577,b'\xac\xb9\xbe\x9eR\xde3C\xd5\xe7\x81\xf7\xe2\xf70#\xdf\x8b\x11\xff8\xdc\x83U0\xc9=\x99\xf2[8`',2022-03-14,110
47b11069-339d-4bfa-b94e-e6c3c678e9a4,ticklishelephant367,b'*\xed\xa2\xe8\xbfN\xf5\x0f.k\xc3\xa9\xc1\xdb\xa4\xf4\xc4\x1c\xf1\xaf\xc0\xec\x99\xe3\xc4\xc4{ \xcae\x86-',2022-03-14,111
bfd4627c-0660-4306-9604-3a4a25809d56,whitefrog364,b'\x11\\\xd2\xf6\xfa/\x16\x1a\xea\x86\xff\xe5\xa0\x83\xb9\x86\x16\x9e=t\xa1(h3~\x958u\xf8\xbd\x84e',2022-03-14,112
69e5a727-22b4-4285-b4ad-e5c297476296,blueostrich316,b'\xc3Z\xeb\xff\x04\xcb)\x12\xabp\xef\x80\n\xd7\xbf\xe0\xca\xdc\x97\xa5\x1ap\x88R\x92\t\xe78\xe90\xae\xcc',2022-03-14,113
0ea2dadb-b361-47e6-8974-742324bc8285,bigduck524,"b'n\\\x1bzz\xb4N,;\t!\xf4Q\\V\x08?\xabE\x10w\xc2\x115\xf8\xe5|K\xc4\xf4a$'",2022-03-14,114
e3225f9e-ee12-49ac-a104-6cb75dae825c,orangeostrich422,b'\xe5\xbe\xd7\x1fmM\x0b\xf5\\\xf2\x96\x05\x0b\x89\x82\xd5\x84\xf7\xce\x04\x1a\xfa\xda\x85S8\xfc\xac\xc2\x8d.]',2022-03-14,115
efbd006b-ca4f-431a-822c-e7cbc4a04bc5,whitepanda774,b'\xe7|<\x08\xa4i\x08\x8f\xf1(\xe9\x95_\x1dI-\nGu\xba\xe6\xfd\xb9\x1b!\xf0\xdfD\xb5N[v',2022-03-14,116
f942608f-b00a-476f-8d3d-c8abb9714caf,tinybear474,"b'YL,\x8c~}\x01\xbf\x8bg\xc4\\\x873\x94JH\xcb\xce(\xb2\xa1}\xab\x96\xfb\x1a\x01\xa2\x15\xc4\xaa'",2022-03-14,117
c79a6af4-4329-47d8-bfce-15d1ac21954f,happytiger943,"b""\x9db\x10\xb5\xee\xf9\x9fj\xf2/jC?\n\xf8\x1c)4\xf8w\xec'\x08G\x00\xedv\xdd\xf5\xc1\x9f\xbf""",2022-03-14,118
1052aafb-ddec-49aa-b9d5-25c8ad34aa0e,angryrabbit202,b'psD\n\xf4=\xac1\x95\xcez\xbbS\xf1\xd8\xe0\xe4\x16\xb9k\xb3U7\xd4]\xb3\x03\xeb\xf6\x1f\r\xa2',2022-03-14,119
ee2d2ab7-9a62-48e4-8309-17c2b7336f2f,organicmouse909,b'@$\xa1\xf3\x07\xf0\xa8\xe0\xc3\xb2y4\xb1f\x98)2B\xa2\xce>\x9d\x06\xf5\x10o\xcdH\xdc\x12F\xfb',2022-03-14,120
69ae278f-6fbb-4f73-a9ef-1137c949ef8a,angrymouse171,b'\x85\x9c\xe1\xf8x]\xe1\x1b\x9b#\xd9\xf9\t\x90\xef9C\xd7j\x96\x80\x1c\xf2:I\xf6fBRD\xc6\xea',2022-03-14,121
455acb0c-9b13-4a0e-bfb1-1ca56b3c1d67,bluepanda824,b'\xfc\xf7\x1c\x80\xec\x88}\x17d1\xf2\x1b\x9d\xc3V\x95\xf3\xfa\xb8\xd6+\xce\x88\x82\xef5\xf7\xe8o\x11Yp',2022-03-14,122
baa64e5b-6b6a-4ba4-a18d-e3a0b8e6c6cb,sadduck622,"b'O""\xa8\xc8\xe4\xb0\x13\\ \xa6}A\x93k\x1e\xc3r`\xc9q\xe9\x9dd\x85\xef\xe8\xdad\x8c0\xdcz'",2022-03-14,123
6e423c4a-94e6-4713-b936-8558a0297a68,angrybutterfly695,b'\x0c\xe1UA3\x87C\xf8\xdd\xa7\xee\x10\xdf d\xc2\xe2CJd\x97x\xbe\xb8\xf4\xf2\xf9\x084\x82\x8d\xfa',2022-03-14,124
bf327904-192d-4689-8642-a7c085912aab,beautifulgorilla586,b'\x07}\xf8\xec\x14\x0eZ\xf1_\x9f1\x0cuZw\xdfX(%%\xf4E\xda\x96\x8c\xfd\xc7\xa4a\xb0\xe7\xe2',2022-03-14,125
9b0dbd77-f069-466a-9b9b-0e12b349d5b9,happyleopard577,"b'\x07\x04\x871\xa3e\xd7%\xd8X\xb7\xc8/Jw\x8b3\xfb\xf2%\\\xb3PpE8Wo\xa8,\x82\r'",2022-03-14,126
496c2959-e99f-4961-9847-86815a3e7d89,bluemeercat187,b'\xdb\x90xEE4\x16\xa9\xbb\xc3w\xdb\xa4\x89\xfa\x98\xd1\x86\x0e\x1dPi\x1e\xf1\x0b0\xb3N\n\x99\x1a\xb4',2022-03-14,127
506d309b-3d28-43cd-ba11-d4c352395f01,sadtiger167,b'\x19\xe5/\xb7\xd6\x89\x90b\x02\xf9\x98\x04O\x85[x\x8dO\x12\x05<\xb9l\x9eo|\x01\x1e\xe6r\x95\xac',2022-03-14,128
a61b9c72-35b5-454b-9100-e255e706544e,ticklishzebra515,b'W\x13\xd1\xec\x8d>\xcf\xd2EL\xeb8\xe2h\xd8i\xc9\xa8\xf7\xd3\\\x0c\xd0+\x0b.\xdb\xe9-\x7f\xc2\xc7',2022-03-14,129
80bd766d-cd72-4afb-8b7c-b6a0cc1634a2,blackdog571,"b""T\xe2\x88\xc5\xe0\xb4\xe7\xb9\xd3\x0e+\xccz\xc5\xbf-\x9al\xac?\xf6\xdc`\xff'|\xc4e\x83\\\x91\xa1""",2022-03-14,130
9b5c6d2a-8cbb-479a-a91f-11376678e112,smallwolf713,b'\xd9\xc2\x84\x9eU\x01D\xee6\xa9\xdc\x18\x80O\xbe$\xb4cZ\x1b\xa7e\x1dx\x06\xde\xbc\xfc\xf1\xccf&',2022-03-14,131
c430f3fb-42ff-4277-a3b6-6ffa9378a0f4,bluecat736,b'fum\x9e\xbd\xd2M\x1b\xe4\xc2\x9aS\x18jM\xf7\xf2+\xe8\xf7\xf6`\x80\xdc3\xe4\xc8|\xc1\x0c6g',2022-03-14,132
6202f99f-990b-4593-9e6a-0b2edb00f1d7,silverostrich762,b'\x18\xa7\xf1\x16]-\x84\xe5\xa3<\x9b\xeaF9\xbb\xef\xe40\\]\xa0\x98\x12\xc0\xf2N\xfbV\x1e\xa9P\xa1',2022-03-14,133
7ee9c9a8-f6d2-4d33-95db-f322e2327261,heavyostrich394,b'\xd3\x80]V\x9b\xff\x1f#PZk\x93j\x8f\xed\x89B{\xa0G\xf8\xff\xaf\xd1\xd5J\x9et\xb05\xa2D',2022-03-14,134
2f696c8a-531b-4005-8b12-e01d9304f595,tinyswan593,"b""\x9b\xd8S\x8d\x7f\xa6\x04z\xa5\xa1\x95\x95!(\x9f\xf0Y\xc3\x0e*3\xb4\x97h\xb04\xe1\x8e\xb3V5'""",2022-03-14,135
755dcc2b-d011-4d93-80bc-2b6b6dc15535,beautifulbear562,"b'l\xa3\xbcTYQ\xab\xa0\nBu\x85\xbc.""\x1es\xef\x1f\xb6\xae\xfd\x9f\xf6\x8c#\x8a\t\xff\x0b\nE'",2022-03-14,136
ba3cd2bf-9273-4e75-b3d6-1674b11d61d7,lazywolf291,b'?+\xc2\xdd\x04I\x12\x08\x1cE\xc2\xc1eX\x8b\xdfZ5d1[P\x9a\xb2\xdcj5Zz\xea\x1e\x91',2022-03-14,137
6e8700a7-7770-4af4-a5a2-6215e74caf1a,yellowfish624,b'e@\xdd\xf4\xc9>\x1c\x99J-\xbb^m\xba\xc1h\xfb\x16[\x9dg\xa8|\x14\xc4\xe4\x07L\xb5\x0f@m',2022-03-14,138
15d28309-d773-465d-b73c-28118bdf4d98,ticklishbutterfly671,"b""\xedZq\xc2q\xce\xefZ\x02\x82\xd8\x9c\x0eY\x91^\xe7J\xaa\x01\xa6Z\xfb'\xcb\n\x81\xa7\x06\x99\x12\xef""",2022-03-14,139
99e5e0a5-4f13-48f5-8897-100b159de755,redbear560,"b'\x97\x06JK\x06\x01\xe9\x1b\x87\x0f\xfcx\x89*\xe7U\xa2\xb7b""\xd0\x96\xbdkx\xa4\xa3\x1d\x0b!\xa6\xe7'",2022-03-14,140
1900a7c2-fb1d-478b-8729-9e2ec5459c57,yellowleopard596,b';Cs\x03L\xdc3\xc0\x82\x11i\x14\x7f\x04QPe\x88}?\x07\xd8\xeaEc\xd8\x01K\x0c\x8a\x990',2022-03-14,141
3b2c5458-4b13-425c-954e-8d5d075bd827,saddog866,b'\xcb\x99lp\xa3\xae4EH\x91\xb3\xa7\xb8\xb9Q\xa6\xebKr\x92s\xe3\xd8\xbc\xbd\xb1|\xbb\xa0\xe6\x86%',2022-03-14,142
290d99a3-f394-472c-ba6b-b3f5c394a678,blackdog381,"b'\x9f\xc9\x80\x96pC\x89)+.s+\x19r\xd4\xe9\x9b\x1c74\xac\xa5""\x01r\x1d&b*\xe4{\x1f'",2022-03-14,143
baf2644b-5ac6-442a-b1ca-2af0f75107aa,yellowsnake683,"b'K\x00\xa4\xb3\x8a\x03\xcbi\x05/]\xb6\x87w\xe2""\xc5\xcb\xc4\xe9\xe7\xd3`>\xec\x9e\xdb\xf5\x8b\x1a\x03\xab'",2022-03-14,144
feb6c32f-da4c-474a-a2c8-4c03e497a4e5,beautifulgorilla416,"b""\x9b\x1c\x8d\x85'qh\xabV\xef\xc9\xbf\xcc:r$\x8bsG\xa3\xcf\x10\xa6e\xd5~b\x90\x89\xad\x8a\xa7""",2022-03-14,145
fcdab324-c1f2-4b38-a6c4-80b66058dcbe,lazybutterfly974,b'\xbc8#\xb0\xc0O\xe0l\x9f\x88\xcdskB\xc8\x85\xb9\xecU\xbf\x10\x84*\x7f\xb6\xca\xdeN\x9e\x96\xef\xf6',2022-03-14,146
1adedcfa-c0d0-42e4-a8a1-3af54ad6a5b7,bluerabbit748,"b""\xbe\xb9YF03\xb77}6\xcc$\x1bE\x91'g\xb3zN\x8dl\xab*\x88<a\x07\x9ea\xea\x02""",2022-03-14,147
73a8b6cd-90f7-4812-8810-6c31a0b9b6fd,goldenkoala420,b';\x06T\n_\xdct~#v\xd1\xe1\xf68\xe0\xadU4N\xa5\xdf\xd2\xb4Xd\xb6\x12\xb4\xb7\xe4\xda\x99',2022-03-14,148
569e2c0e-2c76-4428-b9db-83dbd886b544,brownduck222,b'\x1c\xf9S\x9d!0#b7:\xbf\x02\x0f`#\x96\x94\xec\xcfh\xd9\x14\xa7\xea#p\xd3\nV^JH',2022-03-14,149
01df6880-c7df-4521-9a46-e50e140aa4e0,organicgoose217,b'\xe1d\x0c\x0cC\r2\xb6\x05\x8b\x13U\xb2J\rg9\x00\xbdA\xccL\x05\xcd\x8e+]\x83\x18i}\x17',2022-03-14,150
fa0ed6d1-be9b-43ad-9946-c551309e2a4d,happymeercat242,"b""\xf1\x05\x02\x8d\x076P\xb5\xb6cU\xa3\x99\xbc\x0e\xce\x0e'\xa0[\xf9\x01h\xba\xc6|\xc6j\xc8Q4\xe6""",2022-03-14,151
2ccc9dbb-1e3d-49a4-a0e7-399fa9b82e9a,greengoose344,b'\x86\xb8C\x8esqxaLZ(\xbc\x1d\x8dlZ\xfe\x10\xde1\xab\x18\xed4\x82\x92\xafm\xdbJ\xe2\xf5',2022-03-14,152
040ce32e-6b75-4e50-9f20-2cbb7eb58f5d,greenwolf468,"b""t\xc2\xed\x9f'\xaf/\x1e\x0f\xc8\xf4rO\x12\xb9\x84>\x89\x7f\x04\xa9s\xed0^\xbefM\xd7N\xf9]""",2022-03-14,153
7dc64dfb-d8ef-474d-b4b4-7101c7fb7834,tinybird792,b'%\xd9-)}\xf0\x9eT\xd0\x869\xcc\xbb?\xe8\x85_\xa1\xdd[\\1\xfe\x7fhU\x87\x0c\xc1?\xb9\xfe',2022-03-14,154
8ad55750-06fd-410d-af00-30dcabc226ab,beautifulgorilla443,"b'\x85\xec\xbb\xdd\x0f\xa26\xef\xa0>\xedh\xa0W""\xa9\xc0\x0e\xf5Uz\xc3x\xa4\xb1\x01\xc6\xfdp\xe9\xe9='",2022-03-14,155
b73e21c1-a05c-4421-b588-0a99eb856082,brownpeacock688,b'\xa1\xe5P\x17S4_\x9e\x00\r\x0e\\\xa6\xc4w\xf3PZ\x88\xab*\xaf=\xffco\xa6[\xe67~\x89',2022-03-14,156
a34ac5bd-0257-489e-a160-bd4213da128d,bigmouse568,b'\x1c!Q\xf6b_\xeb\xcd\x00\xc3]\xcf\xc00\xca\x8f\x96\x99\xf2\xa6\xd9\xe8\xd1\xe7\xf2\xd4<\xde\x92j\x05\xd0',2022-03-14,157
79c6002a-d36d-415a-83b4-084e1c138a69,heavykoala615,b'\x8e\x87\x91\xe3\xc9\x03(\t\xe3\x9eK4\xbb\xfd;10\x85#w\xc7Ln]+\x9a\x8e1\xd8\xd2\xcej',2022-03-14,158
8e20e540-5fb9-4abb-b2f6-19819f67ec6b,blackpanda211,"b""\x18'\xcb\x1dD\x04\xba\xb5\xc4\xa6G2\xc3~K\x16S\x9c\x8e\xc9j[\xff\xe4Dn\xb8\xcf\xab\xe6g\x94""",2022-03-14,159
a655854d-8863-41d9-8ace-da1f6b89cbd2,organicelephant982,b'E\xcdq\xb3a\x97\xbb\xe9X\x1c\x92\xbf\x8a\xb1+%\n\xf2\xb2\xcc\xa1\xf96=\xc6\x8cN\xce\x0c\x83zC',2022-03-14,160
c78cd267-2759-41a6-898c-4959437957b5,crazyswan369,b'v\xc7\xc2\xf6\xc8rs\xcd-\x80V\x03\xff1\x1e\xd6\x04u\x17\xbe\xf4\x8cdu\xd2\xe5\x93K\x91\x9e\xb1\x8c',2022-03-14,161
45b643e6-714a-40fa-a591-ea47619e1ac1,yellowfrog621,b'\x9c\x0e\xa3L\x99\x85\xbaIj\x00\x04\x86Poy\x00\xc8\xfd\xcb\xc3\xbe\x8a\xf3\xb0n`=\x0e\xe3)\x17\xad',2022-03-14,162
f75663ef-86ed-4e98-a2cf-ff24cc819e70,ticklishlion399,b'>z\xf4$<\xf2b\x81\xa9\xd6is\x8aH_\x96+\x9f\xa8%+j\xad\xf0\x0f\xca\x94i\x05\x97\xa5T',2022-03-14,163
3619cce4-58ce-4371-b3f6-4cf987b92896,greenbear826,"b""\xc9Ee\xf7\x13\xf1\x90\x8c\xa1{\xb1\xa8\xfc\xf0\xb9'?H\x9b\x0c\xeb>=m`\xc9r\xa7L\x86\xaf:""",2022-03-14,164
bea21453-ac86-4a98-a097-a4a960f573e3,orangeelephant915,b'\x1c\x8b\xd4O\x08\xd5\x7fI\x17I\x12f.\xb01\xf1{\xee\xed]H\xd8\xad\xe3\x90\xf5\x93\x96\xa2\xfb\x01%',2022-03-14,165
1ea2ae48-50ee-4e21-bed0-0da8585f03c2,silverdog640,"b'\xc1\x9a\rx\xb4\x0e\xa5[N\x8d\xda?\xbc\x9b\xf3\xb9\xaa\x9e\xd5\xaa\x05\x17:>\xdc/E\\\xdboS""'",2022-03-14,166
06353054-fea1-4ed9-93a4-7165889335bd,sadbutterfly880,b'\xff\x83\x95\x9a\x11$\x07\xfc\xaeb\xe9\xd0\xd5\x1fK\xec\\\x1a\xe5yY\x99\x1a\xe5A\x10A^p\xdf\xd3\xfe',2022-03-14,167
0c9c8777-0945-431e-9ee6-18a5efc7a32e,yellowbird675,b'\xdakt\x0c\x1a2\xe2\x9e\xf5\xb8\xef\x02\xea\xf2\xb2\xd0 6\xd1\xe4>\xd3\xd6uz\x9b\xec<\xa0C\xb8x',2022-03-14,168
e548b8f2-4f11-49f9-92e1-ed4f7ff31a3f,goldenkoala710,b'[\r\xad4u\xfe\x98/}\x1a\x82Z#\x9c:4\xd1h\x83\x14E\x7f\x83\xaa\xfb\xb1\xcdl\xfd\\#\xff',2022-03-14,169
22862272-f23d-48bd-97b0-08ccc4e2aece,sadmeercat460,"b'\x17x>\xd0\xe0\x15\xcc\x9e.\x88\x9f\x1b\xea\x99GG\xa5\x98s\xa9Z\x84,3a\xb2x\xf9^S\xf68'",2022-03-14,170
0bb0f0f3-2d01-40bb-ad03-129c8c3c2fd4,silverelephant308,b'\x04\xca\x8a/#F?\x9c\xde\xd1\xf4\xfa\x926\x8b:H\xe2\xd3E\xdfM[8\xcb\xb0\x05E\xae./A',2022-03-14,171
3de990cd-712d-4504-bcde-79a96e7cb45d,sadkoala479,b'\\(\x0cn\x11\x857f\xfe\xa4\x81\xcc&\xe3V\xdb\xee]/\xb2\xbe8\x8dZ(J\x81\xfeIa\xfcL',2022-03-14,172
41130a6d-07ac-4dca-bf5d-bfb3114ea751,saddog217,b'\x9f\xb9\x9em\xa7s\x06\xd6N\xf8H\xb3\xe5\nE\xf5\xaa\xac\x1e\xa2b8\xc7\xf4;\xcb\xfd\xd1\x15\xc2\xe5\xde',2022-03-14,173
c7d567d5-7119-4c42-af6c-42848d6b6a33,blackmouse306,b'.\xc7\xe7\x16g\xd14K\xab\xdb$\xe1\xafy\xeaQ\xb0\xc4r~\xa4MF\xc6n\xa0\xe8\xe7\x16\x9fg\xd1',2022-03-14,174
9e4f21ae-380b-4b7a-920e-2d325379dee9,happycat150,"b""6D7\xd0z\xf8!\xd7'\x80\xdd!\xe2\x08\xcaA\xbd3\x03\xa4o\x07oM\x96\xc3\xb9\xc2\x93\xdaP\\""",2022-03-14,175
4ba18cc5-e49b-4beb-837b-f1feaefb3c52,ticklishswan737,"b""8e\xf9L8Y'\x07\x98L\x11\xbf\xab\xbd\x14\x07\x0e!\x90\xb9\x8c\x92A\x13k\xeb\x19\x84NX:\xca""",2022-03-14,176
d86b87be-3c42-45e6-bac0-8f08fed5875c,whitetiger204,"b'\xc6\xfbf\x17\xd60\x02\x81\x8a\x8e9\xed%\x9afbg\x12N\x8a\xc2;\xa1\x82\xf9s\x9b,\x13\xa7\xdf\xce'",2022-03-14,177
9a1fd365-ab40-4486-95b7-e26489996412,yellowrabbit683,"b'T\xc8\x0cx\x82\xe14<,\x9d\r\x1b\x9a\xa0\xf2\x9d\x13\xb8\x05m\x84c\xb8!\xf5\x0e\xebk#\x9eo`'",2022-03-14,178
0902df87-ad08-47c3-94e3-37155e71c565,lazyswan357,b'E\xe3>0\xa8\xa9\x1cr;a\r\xb6i\xa6s\xf1N\xd7\x1f?\xbe\xc3if\xf7\x03\xb8\xd8\x99\xc5\xe8\xcd',2022-03-14,179
85456b36-647a-410d-ae06-5c15aef341d4,smallleopard274,"b'\xee\xd3u\xc86\xd1\xf8\xa6\xbd""\x00n/H\t\xc5\t\xd6n<\xa0\x86\xd1\x16\xcf\xbcK\xd7\xf8\xe0\x90J'",2022-03-14,180
aae84ad1-371c-40a5-9137-5d679a74c67b,angrymouse488,b'\x04e/N\xc0\xb56\x19Nr\xe8\xda\x04\n\x8cZ\xbf\x19Yx\xa8\xb6\x18\xf8\xc50\xfdW\xa9.o\xb1',2022-03-14,181
8921b529-30a7-4bf6-870d-27d218c92bd2,bluerabbit869,b'\xac\xb5\xd1\x9c%\xea\x17%R\xd6\t\xa6&\xfb\x8f\r\x828q%\x8b\n\xabw\x96\xafBG\xca6\xc1n',2022-03-14,182
24fdce86-3d1f-4daf-bda5-f49d4540cd5e,goldenbutterfly331,b'(\xfb\xd7\x0b5u-?\xbd<\xd8\xc2E\x99XJTS\xf4\x04\xc7j:\xb2\xe5\xf5Y\x8e\xba\x94\xfbR',2022-03-14,183
d92b0101-2d14-49c1-9a6e-c742b60f9ef3,lazygorilla303,b'0@\x16\xc9\xb8<\xbeR\xb4 \xddi\xf7\x8e)\xce6\xb9Z0\x85\xfc\x17\xc7?\xfb\x19\xd6R\x069\x99',2022-03-14,184
fc054822-232d-42fb-8f65-846797f94f3d,whitepanda111,b'w\xf3\x9b\x98\xdf\xad-\r\xa0\xae\xd0\x1cxg\xf923<\x8a\xf2N\x94?u\x012\xc0E\xde\xe20e',2022-03-14,185
199fa268-8abf-407b-a583-37eb3d7bebd7,goldenrabbit607,b'\xd8XV[\xe4\xbc\x1f\x11UGp[\xce\x01r\xe7\xd9!\x86m\xf7\xaf\xe6\xb7\x8e\xff\xf3==2\xcb\x00',2022-03-14,186
f7795ddf-f592-4053-80d1-a97866aa710a,smallmouse472,"b'\n\x83*d3\xb4\x14\x84\xea_\xd9\xc5\x88\xfc""u\x83j\x15$\x11\xaf\xb9\x1c}\x0f\xfb\x8bR\xe2\xe6\xda'",2022-03-14,187
4db057b6-2007-40ef-ac97-42d234d8f275,sadbird823,"b'\xf7\xc5\xec\x89\xdd! \xb5\xa63\xee\x08\xe6\x82\xad\xfd\x15\xc6\xdb\xfb""_\rl\xcd\x0c\x8fk3\x8f\xc7#'",2022-03-14,188
9d82d795-d309-4179-82bc-8202f513de60,whitebutterfly487,b'\xc6Z\\\xc2[4/\x18\xee\x06\xe3\\\xf35\x97=e\xc0\x1a\xcf{B\x81\x7f\x15\xcbh\xd4{_/\x9c',2022-03-14,189
7f8f3f45-df47-432e-b629-f2d986f0e8d1,blueleopard968,"b'Z\xebD\xf4\x12/)A\xbc\xbc\xcd\rb\xa0\x9eYl\xb1G,R4np\x8d\x84\xc5$\x11\xc9\x88D'",2022-03-14,190
dcc8f6ca-f51c-40d8-9308-744584378aa5,tinyladybug918,b'm\xec\xa0\xa0D\x1a\xc7\x9f\xe2\x9d\xa9\xbc\xaf\xd8\x84\xda\xff\xf9\x89\xc5}r\xec\xdd\x01\x0b\xfdt+#2\xaa',2022-03-14,191
04f509e6-154c-4bea-9ce2-f8b84cb0d544,happyfish819,b'!\xec$\xd5^AN5\xf9\x18\xdeN\xae\x02\xf7#\nQ\xa7\x92\xd4@J\xee+\xf3B\x9dF\xbbM/',2022-03-14,192
12ce10d8-a1d0-483e-8fe6-c23c6f5ad9af,yellowkoala475,b'\xba\xe06\xc0\xd9\x16Hq\xa5\xe4\x0e\xfa\x89\xca)\x1e\xdd\xe1i\xa09\x11\xd8\xc2qQ\xe4\xb8_F(\x08',2022-03-14,193
145a6373-6234-475d-abe9-06a03eb0b99d,organicsnake599,b'\x8a\x87\xec3f#\xd8?W\xab\xablKfq\x98cVdr\xd9\x9d\x8b\xc1\xab;\xc7i\x1d\xac\x9bX',2022-03-14,194
0d79ff6b-50ff-44d7-813a-d0f878f2ffdf,brownfrog900,b'f\xf9\x81\x00\x1dD\x02\xa6\xe9\xfa<\xfa\xc975\x1e\xb5r\x942\x96\xc0\xc7\x87$\x9d\xa2&\x12:\x8b\x9b',2022-03-14,195
c0b92b2e-1652-4418-bd4e-5261e2ca6c54,whitemouse225,b'\xf6fa\xba`N\xb9\x84\xd9\x106:\xa2\x13k\xea\xda\x85*]\xba\x01+\x91\xbdc\xcck.\x03\xa6\xb7',2022-03-14,196
58272afc-8d70-4f8c-91d8-d22a7a249c5e,whitemouse983,"b'\x1a,\xf6\x82\xb1\xe8\xb0\xf7#\xe6\xa66\\{\xa9\x0b!\xf3\xa4\x19w\xe4\xfb4\xb1\xaa\xe5\x07\xb4\xb3U\x10'",2022-03-14,197
b4817da4-9d1b-4e2a-88ae-8beac4cc4341,tinyelephant610,b'g\xbbT\x13\x9cG\xee\xbe\xe2\xd73\xa2\xb7\xfa.\xda\x11\xc9l\t\x1dzRrt\x88\x0b\xca\xf7\xa95\x90',2022-03-14,198
8573fcc8-cb40-43ab-8a3e-31ecac3b99a1,smallleopard666,"b'\xa6^\xce\xffZ\x1c\xaf\xa6\xb61\xd4\xf6\x81\x98\x8bL\x03x\xe3\x8d^\xca<\xf3\xce\xf1\x9b\x1a""#\xd7\xab'",2022-03-14,199
f3a1920e-e429-4f69-9c74-c8c3b0a0baa8,goldenmeercat593,"b'\xa6\xc65\xad;C\xfd\xb7j\x10W\xaet\xf9y)q,\x01\x10u\x1fc\x98\x8c\x04\x19\x9dkJE\xb2'",2022-03-14,200
e1857a59-234a-47b4-b784-fd5e9cc9eda6,sadlion538,b'v\xa4\xedaD\xd7[\x1c\xcb\x13\x05=\xaf\x7f\xf3\xb5\x05\xe6\xf7\xacj\x0e\xbdq7\xbfO\x86m\xa2*P',2022-03-14,201
f54d4c9d-f6b2-4185-96b0-cd1152146996,blackmeercat861,b'\x0e)\xce\x0f\xae\xbb\xa7\xaaq\x7f\x86ArD\xe4yUv\xd6E\xaao\xe9\xe5S\x8a\xa7\xa9\xef\x96\x86\xe1',2022-03-14,202
db895889-88dd-41c3-a9ec-ecbd2413aef4,beautifulmouse800,b'\t\x84\x8dBo\x0f\xbf\xaej\xc9\xe6\xa2Y\xbe\x19H\xb2\x0b\x10\x9a\x99\xf2W\x0b\x98\x11\x19K\x93<&D',2022-03-14,203
c6d7e8d4-85e3-48bc-8ba6-d34e0e7c4ae3,happyleopard864,"b'\x03\x80\xf67z\xdc*k\xb5eb\xb6\xae\'\x8e\x92\xe9\xbe\xc8\x0c\xf4""\xcd\x1c=\x90*Ky\x15\x97*'",2022-03-14,204
d5f2829a-d86f-4e4b-908f-95673e03c79e,orangefrog809,b'\x95\xcf\xbe\xa8\xa5\xae\xa6S\x86\x81\x95\xf7\x1eQ\x8eS\x1ad\x16\x9c wn\x89\xc3\xba\xba\xaa\x0c\xe6I\xd6',2022-03-14,205
167bc3f8-6343-4bad-8847-8cac4e6b0d78,bigpanda806,"b'\xfcUB\xdcT\xe3\xf1\xb2\x92z_\x9a\xc7026\xf7\xaa\x90b\xc7ic\xcb,\x97j\x01\xcc_\x85\xd9'",2022-03-14,206
be3e2c86-e084-4953-a3f7-c94e3c83c086,yellowbear334,"b'i\xbe\x84\xcc\x1fR\xde?\x92\xcd\x13tQPUh\xec\xac\xaa\xa3\x99\n\xe4\xaa^9""\xee9\xe5|\x92'",2022-03-14,207
9bf30d41-29b3-4f13-89c9-11a882713727,silverelephant695,"b""\xa5'\x1a\\l\x9df\xc7\x86\xfc\xff;\xa8\xfa\x95\xce\xe5\xddm{\x0c\xe7<\r8\xed\x11\xbf\x9f*2\xdc""",2022-03-14,208
ad00eec8-152d-4e75-b1a7-196191d3980a,tinycat634,b'\xd7\xa2\x03!%0\xc4\xa49\xbf\xafn\xab\x965 \x97|\xe5\xbff\xbeC$\xd4\x0e\xd1\x8b-\xda\x94\r',2022-03-14,209
bbe7138b-a7d8-4a52-b03b-faf4d6c4c09d,ticklishbird636,"b'\x87\xe9\xf7\n\x9cv>\xbf\xd3\xb03\xb5\xeb\xae\x15\xfa\xd8\xa8\n,O\x112\xac\x0f\xda&\xfc\x0f\xc4\x85\x08'",2022-03-14,210
f9f7da18-17ba-472e-a687-b6fbb9080d08,brownbear973,"b'Wo\xe1#%\x8e\x0bm\xb9?FzR\xcaO\xe7\x86E\xfd\x12\\\xe5\xe74\x93\x8f\xaf5\x96\x1d""c'",2022-03-14,211
4e5e2621-0365-49d2-9d3a-86c860f3e104,bigbird130,"b'\xf9\xednk\xa9A\xfez\xe1u\xca\xf8nQ\x02,O@\x91\xf2Y\x14\xa8\x02O\xb5\xfc\x1dK\xad\xd1|'",2022-03-14,212
57546be6-ce06-4557-b3bf-c58c4ce5e4e9,yellowgoose716,b'\xc8\xed\xe6\xb4\xa9hyG\xd1\xe2\xdd\xe9\x1f\x83\xcc\xb4ho\xa0p\t\xb6^\xb1\xc6L\x8d+\xfa}C3',2022-03-14,213
4ccb1af5-528a-4afa-b789-c5eb4236ee4a,purplecat908,b'j\xc7\x82<\xd1.\\\xc1\xc0\x87\x80\x0e-\x14\xc5\x85\xecD9\xad1\x96\xdcY\x8a\xe5\x9b_^\xff\x99\xb7',2022-03-14,214
7e9ce8b0-2e44-430a-b735-3d96a1ba3f78,bluegoose122,"b'\xa6^\xce\xffZ\x1c\xaf\xa6\xb61\xd4\xf6\x81\x98\x8bL\x03x\xe3\x8d^\xca<\xf3\xce\xf1\x9b\x1a""#\xd7\xab'",2022-03-14,215
33374b0c-15f8-4c9f-b73b-300c2c29082b,greenbear602,b'\xfc\x08\x8a\x9fR7\xee\x0c]\xa0\x87Axl\xa2\xc1gb\xca\xe4\x80\xd1+]\xdb\x03)e\xf3M\x1c\x97',2022-03-14,216
1c435f5b-0c8f-492e-bda7-001d4ee9aece,angrygorilla739,b'M`\x86\xf8qFB\x19\x1e\xc9f_1\xaf\x97cs\x05\xcb\x83#\xa4\xca\x14\x95\xc0q\xca:Q\xb3\xd5',2022-03-14,217
c41056c5-3ac6-46f3-af72-448693317704,sadwolf971,b'\xf27S\xcc\xde\xcdO\x86\x0c\xfa\x16\x9e\x86@\xf4M\x8evm@\xb2\x7fD\x9a\x0c\xd9\x00\xab\xc0F*_',2022-03-14,218
f38afad6-8cf2-4709-9150-eac3745292e6,tinyleopard351,b'\x94]\xdd\xb9\xc7\x13\xf9l\x82m\xc2>?\x8dh;\x95f:VC\xde\x19\x08\xaa\xe8M\x83\xb1\x1a\xb1\r',2022-03-14,219
423ba6df-fa94-41e8-bf1a-d85c80b8975b,biggorilla491,b'UN\xac\x9e\x02?3*o\x90\x82\xab\xb5\xc5Z\xaa\n\xd4]-\xa1\xd4\xc9\xf3%\x03q\xd4\x8c\x8b\xde\xcc',2022-03-14,220
3bcf3ed4-5545-4d25-99d5-7c6e1274c6e0,silverbear844,b'\x05\xc3\x8a\x1f62\xa9p\x14\xd5\xa3\x1de\xe3m\x91\xd4)\xff\xf0\xac\xda\x9a\xbc\xca;\xca\xe8\xb5\xdc\xfc\xb0',2022-03-14,221
4fab0392-2e53-4fb3-940d-0b6344d918a5,blackkoala871,b'8\xa1\x96\xb3:\xaf\x88\xa5\x15\xd6\x9b\x11O\xefo\x80s~X\xdc\xe4\n)\xb1\xff\xc4[\xa4\x14\x858/',2022-03-14,222
432370e3-3e29-4002-9dd6-afff01ab8e96,happyfish704,b'\xc5\xf6\x86Yw\xb4\xace\xc3??\xc1\xb5\xdeVf\xe6\xa7E*\xd2\xd5\x0f&%G\x80\xbc\xf7\xec\xf9\xbf',2022-03-14,223
37941d30-90fa-457c-b408-54077311f8c8,bigmeercat154,b'\xfab6I\xfa\x8b\x12p\x99\x05R\xba\xbf C8nj\xea\x9c\xb4Bn&\xefk}\x8dD\x7f\xad\xfa',2022-03-14,224
73cc7457-4168-4761-94e2-00d3d9234cbe,smalltiger333,b'\x8c\r\xa0\x0f\t[\xa3\xb4\xb8f\xa8\x8e&\xff\xd1\x91\xa6\xbc\xd8\x16\x153\xabH*\x96x\n\xe8\xdc/%',2022-03-14,225
f63c4b07-a854-4fb2-957b-68839a7bef1e,tinybird496,b'\xac\xd03~\xb0\x9f\xa4c!\x1d\xa9E\x80i\xf1|WT\x88\x8a\xa6Lf\xa3<\x13\nDL m\xb3',2022-03-14,226
15e026c1-4739-4014-97ff-ebd55aa33867,tinybutterfly485,b'\xb6\x88\x17$1C\xf1N\x16[1e\x01\xfd]\xb8\x92\xa2I}\xed\xd4e\xd1\xfb\xdc\xe5~x)\x16\x85',2022-03-14,227
7ae2c183-9112-4cf1-a646-251f3861d306,orangepeacock109,"b'F*\xb02\xc7\xc4\xf0h)\x0e\x82\xaa\x11\xa4\xd9\x141\x80>\x9d\xf9\xcb\\\xf3=D,n\x83\x95l\x8b'",2022-03-14,228
6fe902b1-f1cf-4768-a0f1-0be1c2909b8b,yellowbird463,b'\xc7\x84\xc0[\x1f\xd6 .\xbe\xeb\\\xee\xe4\x940\x91\xa2\xd9\x94\xa8\xc5%\x1f&\xc5s\xa5_M\xd5\x17\x0e',2022-03-14,229
251902fe-eb10-4deb-a0fd-bc901536743a,lazypeacock750,b'(\xfb\xd7\x0b5u-?\xbd<\xd8\xc2E\x99XJTS\xf4\x04\xc7j:\xb2\xe5\xf5Y\x8e\xba\x94\xfbR',2022-03-14,230
72db2b0e-169e-4243-84e0-c9f4824ebe4d,organicfish141,b'2\xab\x83)Nj\xb3\xf4\xd9\x827\xd1Cm\xe8*\xc22\xa1\\\x8c\x9e>\x8d/]\x8fl\xb0\xe8w\x10',2022-03-14,231
ba5cf539-67c4-4977-bb22-8979e7ba2aae,goldenzebra392,b'\xc1\xee\x08\xec.i\x17C\xf1\xe7QP\x81C\xef\xa9\xc1\x07t.\xf9\xd1\xbaD\x05\nP/\xe4!~\x81',2022-03-14,232
8a274709-4c39-4618-a904-a1c71c52b1c8,goldenduck622,b'\x9cGR\xf2\x98Z\xef}\xdb\x9b$\xef\xfe\x16*p\xb1\x1d\xe0\xd4\xfa\xdb\x98i&\xf8\\\xd0uB9\xc8',2022-03-14,233
7beaeadb-d2fb-4801-bfd3-bd036a29fe3b,whitefish100,b'\xb7\x890\xaf;\x95\x83\xa4\x84U\x0b s\x15\xc6\xd7\xdd)\x80\x93\x0f\x17y\xc6\x80\xdbU\x1b+~\x9eB',2022-03-14,234
e24b06a3-be65-4a83-b919-422f5f573ad5,tinygorilla365,"b""\xfa\xbc^#\x99\xa2\x8c\xbd@\x95\x81\x8d\x82\x87\xf1`\x0b\xf0',\xfd\xd5\xdb/%\xa2F\x07s\xc1\t\x1d""",2022-03-14,235
bbc3a014-e186-4825-8bf3-7a9266f357fe,goldengorilla748,b'\xe3\xcc6\xb5uj\x0b+\x82\x8fG\x18.\xe5E\xe1*\xc8I\x08hC\xddn\x18\xca\xed1K\xed\x880',2022-03-14,236
bcacd06b-3df3-4ad1-a5c6-cb2129f435e6,organicbear100,b'`$\xe6\xc9y\x0f\x9b\xba\xb7*\xfb\x8e7\x1f\xf3_2&\x9a@\xf5\xee\xeef\x85\x161tV3J\xc6',2022-03-14,237
94c7693f-c2de-4a58-b483-c543e8eb60ab,heavyladybug575,"b'\x18\xc7m""\xa2\x838V(&\xf6a\xe3\x01\xb7\x9ap_6\xf9\x82\x9c_\xe4m\xa2\x10|\x01\xa3\x8e\xf5'",2022-03-14,238
2fc19053-b89c-4e6f-997f-3a63db53fd5d,heavymouse570,b'\x01\x01E|\xf9\x84\x9f\xae\xa4\xfc\x139\xd9\x8c\xba\xb8Tb\xbd\xf4\xe6\x10\xc6\xf2\x13\x9al+\x9d\xd9\xc0\xbb',2022-03-14,239
baf039cd-c91d-4fc6-9953-53a7d6de36a6,lazytiger623,"b""F\xf89ws\xf1\xf3P\xe4\x18J\xb0\xd2\x1c\x08\xe3\xd9\x90\xad\xd9\x9f\xbf\xb6b\xa7C\xb5\xdf?\xf2'\xe6""",2022-03-14,240
0fc058cc-acab-4ee0-a0ae-1f05a2537f61,sadswan663,"b'\xe1\x01\x18\xad\xe3g\x0b3=f\x13\x8bo\xdeZ`\x80\xee\xad\x16rW,\xb8\xee\x95I\xdc\x04\xc2\x81\xe9'",2022-03-14,241
a6a3402a-11c8-41e6-9877-321835e8957a,angrypeacock297,b'\x0c\x0b1\xf0J\x0b\x80I\xf1\xcavH\x99\x83\xd28\xc2\xd0qC\x17\xf4\x18N\x89\t\x1b\xbb\xd7sz\xab',2022-03-14,242
a7ebadda-9be2-4075-b6de-256841bda6b7,heavygorilla419,b'B\xf9\x0eM\xa7AI\x0e\x9e\xb5\x10\xf6\xa3khC\x16\x9c+\xf5\xee\x12$iCbD\x80\x8e\xbe\xa2\xf9',2022-03-14,243
61ea8812-ed82-4dd1-92b0-65d3bb3e6f88,beautifulelephant558,b'6\x1b\xf3a\x19[9=2\xe9\xe4F2\t\xfb\xcfI\x07\xeb9g\x82\x90\xe8\xfc\x1d\x99\xebS\xaa\xa8\xba',2022-03-14,244
7e52342d-42a7-438b-9e75-22d974fb1080,browntiger612,b'\xff.\x9b\xac\xf9\x00\xa1\xec\x14\xa7\xbd8v\xf2\x0c\x80\x0bCCTa\x0c\xd6\x0c\xa9\x04\xdf\xadY\xcd\xd3s',2022-03-14,245
4cf34e64-497a-4dd5-8f14-f5a79d95846f,heavycat955,b'\xdb)\xdd\xfc_\x94\x9d/\x9b\xef]\xda\xd6\xe9\x15T\xfc\xc5r\xe7\xff\xd0/\xa2#\x9c\xfe8\x95M4\xc5',2022-03-14,246
c2e947f3-cd85-4c16-97d5-e4d52695c183,beautifulladybug304,b'\xf0}x\x9d\t\x8e.r\x95\xef\x1a@2=\xb2\xf0\xcd\x11\xeb \xb9\xf9-\xdeDVT\x96\n\x0c\r_',2022-03-14,247
a3e53817-4732-4a9c-b49e-77429216a8a2,smallmeercat539,b':\xa2\xe78\xa0\xd4\xb5%\xd7\x83\x02\xf7\xf0D\x1f.\x85\x81\x93+\xd1\xdf\xa3\xaa\xab1T\xfd\x9b\xc4.<',2022-03-14,248
a0341ef1-4b86-4d39-b234-d4896878c182,sadbird460,b'9\xa6\xe6RP\xc8\xdf\x97II\xee\xd2\x18\xb9+\xaf;H\xde\x99SUB\x80%N\xfb\xa6g-!\xe3',2022-03-14,249
c1ea2992-96ff-476d-9fe9-1d7bc68f46dd,lazygoose504,b'\x96sj\xfb\xbe\x8c\x12\xc3YK9\xc5i0\xe08\xa0\x907\x0e\xae\xb7\x86kF\xf5\xdd\x87\x12+\x93\xfe',2022-03-14,250
10eb8cc7-434a-4e29-9895-dfc7cc6cc9f3,heavypanda997,b'\xa3\xbaS\xea\xf6\xb2\x86\x84\xcb{uh\r\xb2\xf8$\x9cn+\xc8\xb42\xc6\xb5\xbah\xe2J?_+\xdd',2022-03-14,251
580572f7-4679-4ef7-8fd4-16ca88cdf065,tinyduck624,"b'\xab\xc4_\x17\x1c\xefK\xd8\xa8\x88)\x8f""\x89\xf8\x9d\xb1\xc2\xe1\x8bP\xab\x0c`\x93\x031\x1b\x052\xd7\x96'",2022-03-14,252
316f3ade-a6d6-402d-b076-31a72fcec9d8,beautifulsnake847,"b""\xda\x85\x1fN\xeb+\xf4\\\xe4\xe5\x19\x0f\xfb\xf4\xb2^\xe01\xff\xb2\x97\xa9'O@\x190\x1f3\xba\x8d\x87""",2022-03-14,253
33f863dd-1ac9-4901-a29f-3d6b9694db1a,goldenpeacock453,b'\x97x`\xfb\xeec\xff\x99&\xc6\x1d\xc1\xe2\xbe\x94L\xae\xa1\x15\xea0\xed/\xed\xf9nu\xe3\x0b\xf2\xf9\x7f',2022-03-14,254
3d2dd3ff-622b-460c-850a-0882d6282715,smallmouse807,b'Fi\x14x?\x1d\x18\\\xfa\xf0\x11lb\xfe!\x04\x10\xbd1\x8fF*\xfd)S\xce\xeaF\xcd\x10VS',2022-03-14,255
3f3d2f5d-e9ee-4f6d-a773-e767fad7bad8,greenswan422,b'I\xfb\xd23\xc7^\xe8Y\xb9Cm\x0e<LOt\x7f\x0fR\x86\x19Y\xad!\xb5_RB\x989\xaeM',2022-03-14,256
8eba9a37-dfff-48ad-b4d1-b4d67dd3f769,happykoala521,"b'\x17x>\xd0\xe0\x15\xcc\x9e.\x88\x9f\x1b\xea\x99GG\xa5\x98s\xa9Z\x84,3a\xb2x\xf9^S\xf68'",2022-03-14,257
b7e4c16a-0d2b-43d5-a980-a16cd305ab8f,tinydog104,"b'\xc1zeN\xb6\xe7\x03\x06\x13\x8dfw\xafu9\x07u\x04\x02""\xc9\x9b\xe3\xddd!\x82\xe0\x17\xec\x94k'",2022-03-14,258
24deb702-4537-437f-95f0-e5523476ffc6,greenpeacock329,b'U\xb7\xaa\xf70t\xc8\xc8\xab`;\x90k\xafF\x97\x0f\x8a\xfe]\xb4\xc6\x9673\x1a\xd3\r\x12\xe5i\xb1',2022-03-14,259
95752ce1-3113-41d4-9631-74379b0209d5,redkoala452,b'\xe5\xb4\xb7\x13A$\xf7-F\xe8\xc9\xf3\r2\xe3\xe7\xacu\xa5\x130\xc4\xcee\x8a6\xf4\xa9\xdc|]m',2022-03-14,260
4fda8158-3deb-4794-9fe8-9ebcd2a29f8e,heavybird258,b'\x18@\xbb\x89F{]q\xa4\x90\xf8)p\x81\xe8\x1f\x0e\x96\x86\xeb\xb8\x87\xad\xaa\xcb\xd1|\xc7\xbcQ\xab\xe6',2022-03-14,261
76962ec1-2518-4ad1-a58b-3494921ded34,silvertiger291,"b'l\xd0$\xc8\xec\xb5\xb3\xac\x8d\x14\xd1\x07\x86\xd3\xd0\xde\'\xc2\xacA\x10\xe8\x8a""\xc5\xa5\x97\x95\x83\x193\xec'",2022-03-14,262
bbc6f69d-0dd8-4ca3-9f70-ae9c699bb881,smallpanda538,b'\xd8\x9b\xc4\x90q\xd4[\x8f\xfc)\xdc\x16\x81$#\xa3\xafal\xfd\x0e\x0e\x844\xf9 C\xa4|\x08\t\x99',2022-03-14,263
9601a76b-d578-4c6f-8463-59019f14b52e,smallpanda388,"b""\xe4GC2\x86j\x05\xc3O(ZbJ\x00\xc2\x04\x0eq#Z4\xae'\xf9FJ\xabRU\x19\x1a\xb3""",2022-03-14,264
fc61adc8-a3cb-41df-b4bb-e0893376a1ac,lazyleopard233,b'\\\xbe\x96t\xde@#\x15\x9e\x8f\xa6\xac5\xa1\xff\x10\xbb\x84\xc8.n\x88$\xb2\x00G!\x89\x83\x8f\xe4\xdd',2022-03-14,265
598d0b88-4586-4cbe-9913-f66d8a2c565b,blackkoala379,b'\x14\xdd\xcfS\xd6\x91\xb1\xb2no\xdde\x86R\x95_\xb7\xbf\xc2E\x85\x06\xc6\x03\xfd\xbcX\x81\x9dh\xfa\x0e',2022-03-14,266
c3edc42d-895e-4597-9a03-a5c3cdeb6de0,lazycat984,b'o\x01\xee\x9b\x02=\xd9\xee2G*f#{\xca;\x99\x9e\xd7v8\x86\xc1D\xcc\x9a\x9a\x00\xee\r\xd1\xae',2022-03-14,267
e7b13332-e91b-4ff9-9822-1b6967ba5741,beautifulgoose555,b'p\x1a;\xea\xcf4\x92\xd9\x19T\xc7\xac\xcb\x92\x86\xdfSm\xa59r\x183\xf9xuM\xb2\xb3q$\xbb',2022-03-14,268
c1d2372e-2712-45f1-9524-a9bb86c3ea29,smallbutterfly520,b'\x99\x0c+D\xb4e\xc2\xc2\xcdS\xd1W\xce\xbd\x9et\x8c\xc6\xd7\xe5\xd4\x1e\x1b\xd2\x89}OH\xf1\xc5\xb5B',2022-03-14,269
ab428c75-dacf-4546-8c4c-4e7afe692336,ticklishsnake862,"b""[\x82\xc6$\x99\x16}U\xa6;\xb3\xfc'\x13K\xd4\x82\x0b\x94<W\x87\x00\x81+\x93\x84t\x857F?""",2022-03-14,270
f8276c55-993a-4035-ac47-3c356bb3a261,happycat218,b'\xaau|K\xc0\x9b\x1a\x89\x91JC\xf9\xfd\xb5\x19e>+*\xcfS\r\x08u\xfe\x84k\xc5\xeb]\xf6x',2022-03-14,271
d9554f03-a2ee-43c0-b9a4-63be9bc8bb2d,orangeduck465,b'W\xe3\xaer\x0fQ\x04\xb83\x8cA\xec\xd9\x90\xa7\x03\xdf\x10\x0cs\x02\xa9\x98\xf5\xd1\x7f:\xb0\xab?U)',2022-03-14,272
ea8fa31f-e9ae-4245-a61d-5709ae6a1d8b,blueostrich894,b'\x91\xe8e\xca\xa5\x9f.\x82T\x01\xa6\xaemT\x83\x0f \xf1\xf3f\xa1LpU\x9f\xaa\xca\xfb\x0f\xa3VI',2022-03-14,273
f6766b2f-e7f3-4444-95e1-8868ae458338,blackswan804,b'31\xe9\x95\xe6\x955\xcf\xf3\xc6\xcc0\xac\xcc\xf7B\xa3\x81\xf2\x01c\xcfy/#.\xbe\x8e2W\x0e\xe1',2022-03-14,274
be0cd274-b184-4f31-bd0b-dd27e4ef26f8,orangefrog547,b'\xf6\xa4\x1a\xb2\xf7\x86p\xb6~\x02\xc50s\xe1X\xbc\xd7\xb3\xb0\xe9\xe6\xbbg\x16\x9c\xc1:\xe5\x8c\xb8\xe0\xf4',2022-03-14,275
77717a61-f676-4016-a120-35a2fdf06f85,crazytiger660,b'\xbb\xce\x024\x8c\x13\xd4!\xcd\\\x8a\xcf\x01\xd2!\xda\xc8m\x9e]\xdc{_\xa6\xc67\xf0\xae\x82\x9e\x94M',2022-03-14,276
8bd2c07f-688f-4b4e-b57a-90d9ba953eaf,happyswan594,b'1\x80\x9b\xbb\xe9:\xc6C\xa4\xf33/w\xb4\x9e\xb4\x8fhM\xa3\x05\xc4\x88\xb7\x9cvj\xc5\xb1\x93\x8d\x1b',2022-03-14,277
afcef783-a2c4-4b76-8608-9d586e39fc93,redleopard300,b'\x9e\xf8\\\xd5q\xb1_TK\x03Z\x0f\x16\xa1U\x10a\xb4F\xc72\xb9\x03m\x0f\xfdo\x03{VS\xf7',2022-03-14,278
6a007dfb-12f3-4b27-8102-a836a5a24ea6,silverleopard274,b'\xff\x10\xc3\xeb\xd6\x85X\xdeV #\x85\x158\x99\xa5\xcc\x14\xeb\xeb\xa5Ja\xca\x16>\xb2\xf46\xb1\x80\xcf',2022-03-14,279
aef3637a-cd36-42c5-9efc-c69f10d77ad6,redswan606,"b'Or:""\xcbp\xd5\x08\x0b\xf2a\xec\x04\x96\xeb\xbe\xdb[\xe5y\xabY\xc3!p\xfa\xaa\xa6\xb1\xf2\xb4$'",2022-03-14,280
b31e2779-a80f-4f1d-a8a6-aa896905cbdc,brownsnake275,b'\x964\xaf\xa1\xc1\xb0\xf4\xf2/\x968QS\x0b\xf2\xedH\x92\xd0\xb3(\x00J\xc9\x00\xf7s\x14\xba\x8e\xddk',2022-03-14,281
d47c3a0d-539a-4093-82b1-922358edfc2e,heavygorilla795,b'\xf9=\xd5\xfe \xa4s{\x18\xc8r\x7f\xd6\xfaQ\x82\xd4R%w\x02-\x1eu\xd3\x16\xbc\xea\xe5R\x7fj',2022-03-14,282
237bed1e-4407-408f-9f45-2687dd893f18,silverlion704,"b'#\xc5""\x89C#\xd61\xdb~1v\xc7\x8b\xc9\xf3\xf9\xee\xc3h\xba\xd4\xdaDY\xf2e\xbc\xad\x16EX'",2022-03-14,283
fb328749-826b-419e-a4e5-7742448c42f9,tinywolf323,b'\xc7!e#\x07\x0f\xa5E\xa3\xd1\x80\xe48\x9c\xad\xef\xbbM\xb5\xf3v\xa3\xc5\x01\xfdH\xbd\xc1Z\x0e\xab\x96',2022-03-14,284
c29d54d4-8a4a-4af4-8d13-32654f601f53,bigwolf487,b'_\xa8\xef_i\xe1\xbeJ\xe7\xa4\x98\xab\xe6\x1eV\xac)\xd9\xad\xb4\r{\x8b\x82\xa4?\xa7]\x19\xcb<\xb0',2022-03-14,285
4ded1d73-2232-4e1a-ad7f-63991f49fa91,bigleopard591,b'\x81\xbb\xc0\x007\xbfl\xffQ\xdc\xc7\x84\x0c\xf1\\3\xbd\xc4\xc7jDH\xc1\xc8\x073\xc3{\x1f\xc9\xcbT',2022-03-14,286
f057c8bb-ea90-4ff5-be8a-ede075921085,sadlion928,b'\xc5}\x91\x061\xd5\xdfi\n\xa5\x0f\x17\xbf\xea\x06\x1e\x1c\xbbfZ\xfa\\\x9b\xcbO\x173\xfdF\xdb\xd5\xff',2022-03-14,287
4ac5d858-c450-42fd-9ef4-ed3f7832d35e,heavybear193,b'=\xd2\xc9\\\xdb\xab\xb5\x88\x9a\xe4L-\xa4n\xd9\x82\xf0M\x07-\xc4wQ\xebE\xb6Um\xfb\xe7{C',2022-03-14,288
f62e95fc-9b0d-4321-aa58-dbae5982bbc5,blackcat832,b'<\xde\x02_\xd5\xde4[D\xe0\xa2U\xcc\x13;\x86\x8d\xd2\xf6\xbb\xa4_\xb3\x87d\xbf@f|\xd0\x14*',2022-03-14,289
699958f0-bd59-4491-95c3-1ef5dd71c264,orangegoose976,"b'\x08\xee\x9b:\xf9fLk\x9a\x1cOL\x90\xb8\x95<+a#,\\\xa5\xa9\xect\xb6\xd2\x8e]\x10y;'",2022-03-14,290
f5ff3a40-13d4-4e08-af6d-85374e4e907c,silverdog351,b'\xaa\x98\xb0\xe8\xfe2\x94\x80\x07D\x98\xc8u\xa0wm\x18\x92\x93*@t\x9fr\xa4\xa1\xe8\xab?\x92\x83J',2022-03-14,291
1085e7e6-5d66-47a4-bdb4-89a8964aa802,ticklishswan944,b'y\x83\xf2\xab\x99\xae\xf5\xa2\xb3\x12\x7f{\xdf\x15t\xd0?\xd6\xb0Z4\xd0\x1atXdk`_\xccV\xaf',2022-03-14,292
654c848e-e6a3-49e9-8a9d-8aca38b8c660,whitemeercat729,b'7\xf6W\x8d\x155\xadT*\xe8\x152S\xc3M\x85&J\x81.;\xe5\xac-\xb8\x15*p\xd7\xc2\x0f\xa3',2022-03-14,293
5e94746f-e6e6-4db7-82cd-42144b9d7ae5,angryleopard584,b'\xf3\xd5\xdd\xd7d\x9d\x877fF\xbb\x02\xea\xe8\xb9\xc1\x1e\n1(\xf0D# 8\x0cD\xc2\x0f\xd9d\xd6',2022-03-14,294
8b8a5e38-3e76-4042-a085-b6de7e04b2a8,crazytiger541,b'L\xe8!\xcd\x88n\xa1KA\xc2&1H\x95&\xb7\xf7! p\x04\xcd)\xef\x9b[\xa71\xa9\xcd\xfc\xb6',2022-03-14,295
8c9bf8f3-55a7-454f-8f10-ec39d9b4634d,bluemouse109,"b'\x85\xf3K\x86$\xe60M\xcc#,\xffL\xec\xa9\xa4\xc8\xd78q\xd9\xe8\xed5\xcf\x86a\x9b7h\xf7\x85'",2022-03-14,296
3d850e74-af8d-43d6-a5a6-f9c5553d1065,crazyzebra754,"b'5L\xd2\x80\xff\xb3\x84\xbc\x05)L\xd8\xab\xa3X\xd7fZ""_N\xf8\x9e@%r(\x8c/\xecf_'",2022-03-14,297
b881967b-1dcd-49d2-bd66-11a3eb55f425,blackostrich256,b'\x14\xc0\xa7\x91\x8bI\x90\xe6\xac\x819O\xca\xc5\tE\x81C\xf4\x05\x86\xe9\xb1\x844_\x90\x023\x05\xe9\xdd',2022-03-14,298
84db1162-de4f-4bdf-8534-191f0a4ec681,bluepanda825,b'F\xa9\x92\xaa\x00*W?\xe7\x0b\x14`\x13\xfb\xc4\x92\xb2\x11\x94\xdf\x95\xdbWo\x94\xab\xeb\xef\xcdU\xf3\xe8',2022-03-14,299
a0e7a77a-11b2-457e-bab5-315e11bf8de8,organicbird366,b'0\xa2\xed\x85\x80\xa6\xb06\xb3\xdc\xf7q\x1bb\xb1m\xd8\x18\xc7\x8e\xce\x84(\n\xa3\xcc\xce\xa33\xb8\xd3v',2022-03-14,300
a357a1f9-4d5e-4943-a832-c19334f0eded,goldenbear112,"b""\x9a\xd4\xa8\xb6\x9b*~\xa9\x14\xe6\xa1'\r6\xe7T\xc5\x03P\xe2\xb1\x80\xc1\xc3\xe1m\xd7\xac\x97\x17\x89\x83""",2022-03-14,301
544dfc5d-28b3-46d9-a836-9d265b96437f,heavygorilla374,"b'\x0e\x1d\xa5\xbd\xf5\x01\xe4\xb2g)\xb2\xe3,U\xbcvs0\xc0?\r\xcb9\xb0\xbfh\xf4\x96,\x9c\x1a\x1a'",2022-03-14,302
956e2ac0-577e-4686-983a-40f86ca0757a,lazygorilla595,b'\xd7o\xd8P\xa5\xd6\x0c\xdf\x82[=A!+\x93u\x03\xaf\r\x03\xf1h\xbe\x9aK\x82!\xe6\x95\xcfJ\xcd',2022-03-14,303
e020b205-4092-4c43-b147-4901757f6f3d,lazyfish174,b'T\x9fwX\x93\x93.w\x1b\x02%\xaa\xed\xb4\x8cJ7\x07\xc2\x1d\x8e\xcf\x91\xd1\xf46\x19\xa8\xd9\x14`\xef',2022-03-14,304
a049c785-9af1-41ed-a8c8-04b10166839c,smallzebra320,b'o]\x11vJ\n2\x92UK\x02\x07\x1c\x84\xbeDX?H\xd6mL\xa7\x0f\x81\x0f\x8e\xd6\xd3^\x9f\x03',2022-03-14,305
66d7ec31-da88-4fba-bc17-a4ddf31026ba,blueduck900,"b""(\xa7'\xc7=\x08\xc6P_\x81\x9a\xae\xd1\xed\xc3\x9c\xdf`:\\\x17\xfcryh\xef\xd5l\x93\xd1\x92\x83""",2022-03-14,306
f1de3795-9af2-4c41-96cb-22066d495670,sadostrich376,"b""H\x94^\x80\x02\x9c\xee\x06c\xec\x94\xb8\xce'\x0bp\xce>\xe7w\xf77\xb7A\xee\xb7\x8dC\x97\x99\xf45""",2022-03-14,307
e0888405-55f2-4e48-b5a5-5ed45974f82a,orangefrog550,"b""6\xf1h\xcez=\xf1\x0f\xa3\xa9\xee\x81tB\x11\x13\x05\xdb<\xa6'_/\xdcB\xf5L\xba\xb7\x1fu>""",2022-03-14,308
d3a4acea-8c7e-4def-b6b7-a4df47f03052,orangeleopard291,b'&\xb1\xff\x14\xfe\xa3\x9ecf\xc8\x84\x17V\xf5\xad\x8a\xf0\x1c\x85\x0ef|\xddM\x8d\xaa\xbcG\xc5\x12\xa3=',2022-03-14,309
15d9a385-6204-4ae7-87f5-335807a47f6f,crazyostrich296,b'\x97\xc7\xe2D\x96~\xd8\xb7k\x01]\x18I\xf1\x98\xdd\xc7\xf4\xd5\xf4$Z\xa1ezm\x8c\x9d\xed\xceJ`',2022-03-14,310
073a8239-d0a7-45e3-9b29-cd4775c89add,goldencat536,b'\xc7\xa8\xc7v\x16;_\x87\xae\xca\xd9K\xcf\x06\xa4~\xf9\xccm\x8a\x1bv\xb4>\xd9j\x9b4k\x9a\x9b.',2022-03-14,311
0b10a348-7139-4705-8b91-16a15ac4213a,angrypeacock665,"b'\xf8B\xee\xb8\xf1:cf\xd3\x86\x03\xb0FTxF>5\x92\xf4c\xa7\x13R\xbd<XV\xc1\x8c""X'",2022-03-14,312
06ebcbf9-cd0f-4e1d-bf3d-ce6344606be8,silvergoose892,b'f@L5\xe80\xfa\xcb$\x88\xd2\xbb\x87\x17\xb5I\xffW\x89\x1c\x87\x8fg\x90\xe7\x92\xc7\xb5\x90[\xb3\xcd',2022-03-14,313
b4a72691-1ef3-4afb-94a8-9f8fca506b04,blackostrich401,"b""\xa94)}\xb0'>n+\x8d}\xab\xd9\xa5\xe8\x07\x839\xf4\xc6R\x990\xe9j\x0bvkv\xac\xe4\xb8""",2022-03-14,314
2378f1a7-d349-4db0-965d-32333713544c,angrymeercat411,b'o\xef\x80+n\xc2\x1c\xb1\xfbJ-[\x96\x13\x95\xc9\xf7%\xfd\x10{\x19e:\xecW\xdd\xe4\xff\xddt\xd3',2022-03-14,315
e4b985dd-0c1e-4d94-a135-d9636704ca4d,smallcat366,"b""\xf3\x99\x18\n\x05\xd4\xd9\xf8\xfb'\x1d\xb8\xa8\xa93\xe8^T\xce\x0chK\xdc\x93\x1cZ?}\x80t\xe6X""",2022-03-14,316
e69ba3ee-82e1-49cc-935c-c83708450c2c,lazykoala805,"b'\x07\xfd\xed\xcb\xaf\x98A""\x04Q\xc3\xd2\xa4t$\r\xdf\x84\x0f\xa5\x0e,\x82\x0f\x1a\xf1\x88r\x05\xea\x9d\xb1'",2022-03-14,317
ddceef48-30a0-4da4-ac96-babb6f75bd27,bluepanda841,b'\xe5\xean9k\xdb!=\xde\xb7\xffP\xd3\xac1\xba\x87\xf1:\xac\xd5\x0c+r\xed\x01\x99qy*\xf1\x99',2022-03-14,318
a6f0a004-78bb-41fd-a633-d5b1efbe6094,silverleopard469,"b'\x069}\xf1\xec\xa0B\x90\x17\xac3d\xb2>^\xec\x8e \x10-A\xad\x96\x8a\xc4\x12^`,$\x97\xbd'",2022-03-14,319
0501d8fa-1cbd-43cd-9727-defab77378c2,orangeostrich964,b'\x0c\x9a\x8d\x068\xf5vJ(\xe9\xd5\x8e\x90\xf2\x9f\xfd*\xaf\x03g\xda\x9f>\xf9\xd9t/\xbdb\x89\xf4\x06',2022-03-14,320
a12c2dea-12bd-45c3-a0ed-3b8be6d384cc,bluezebra852,b'\x16W\xc8\xda\x0c:\x18\xa0\xe27\xf5\x9f\x00\xce\x90\xa7k\t\xab<\x87\x83\xbf\x1c\x85\xbd\x98H\x8a\xa4<\x05',2022-03-14,321
14ae302b-9177-46b8-98b7-757894209805,organicswan909,b'\x1a3U\xd2\xf4k\xbeI`\xd0\x00\x8e+a\xc9Mb\x99\xebg\xfd\xc9\x833\x00\x87\xd2t\xa1\xb3ED',2022-03-14,322
8d6b4e74-3d76-43cf-9aec-7cdfc933ea2a,heavydog279,"b""\x01\xe9\xe4T(B\xd2\xdb=\x9a\xfa^\xb0'\xa4N[\x12\xb7\x11~\xdc\x15\xc7K\x7fN\x1f0R\xed1""",2022-03-14,323
02454f9a-d887-4318-815c-5fb0ea929542,goldengoose607,b'\xd1\xaf\x86oAZ\xe2cQ\x91\xe3\x04\xe2\xf0\xec\xd0\xec\xc7\xf5\xf1\xcf}\x96S\xa8\x1fa\xe4\x7f\xacZ#',2022-03-14,324
29b4ed78-0903-4a95-b8c3-7a69ddbd3251,heavygorilla773,b'L`IF3}\xd4\xd0.\x8d\xf6\x04\xe3\xfe\xd0\xd3\xe8\xcb\xa0a\xe8\n\x15\xd5C\x16\x811\x06\x0f\x8a\xbf',2022-03-14,325
22fac04c-9d38-453f-b089-a85b27726c6b,redladybug262,b'k-\xc3\x7f\x91&Q\xc7\xc6m\x98\\K\xb6s@\xcd>\x0b\xc2\xdf\xe0\x84\xa1\xf5ZX\x98FWQ>',2022-03-14,326
c6f2f9b1-aefd-4c12-b20a-25bd0aca6e50,greencat827,b'\xb2\x1bL\xd7t\xa6iE\xf1\xf7\x8c\xcf\xd9\x10\x87\x00T\xa0\xd0\xcd<\x93\xac\x0eE\xa3w\xb4\x9c\xb3\xf7\xd7',2022-03-14,327
bcc1f18c-f560-4837-9db7-1bf1152cf35d,redfrog836,b'\xca3u\x855dv?\x00\x88\x0f8 2\xbb\x8e\xebi3\xdd\xccn\xaa\n\x88\xf00\xef\x9baGQ',2022-03-14,328
e00cd7e4-58f4-47b1-83d9-f84f193ee42d,purpleostrich794,"b'\xab\xc4_\x17\x1c\xefK\xd8\xa8\x88)\x8f""\x89\xf8\x9d\xb1\xc2\xe1\x8bP\xab\x0c`\x93\x031\x1b\x052\xd7\x96'",2022-03-14,329
a5f33268-8d2b-48db-8bac-e64fe16e2382,organicrabbit264,b'\x1fl\x81\x14P\x10q\xa5\xd7i\xc2\xc7\xcb/\xc6\xcd\xb3%\xce\x1f{\xe3b^\x03\xbb\x06\xfa\xa7Y\\&',2022-03-14,330
67e0350f-5ba8-4061-889e-ce4fe2ebd0f0,whitebutterfly149,b'\x1c\x17\xa8\xb2\xdecgA\x15h\xb18DQ$\xef\xbf\x9a4\xd8\x18q\x16\xd4\x1ew\t}\x91\x1a\xdcJ',2022-03-14,331
feeec27c-138f-4dff-a3be-0a1b961632ac,beautifulbird146,b'(\xca\xf7\xf0\xe1|PX[\x81K\xe6\x80\x16`!3n\xd2\xb1`\xc1\x98m^\x8d\xd8+\x9c\x92\xcb\xb2',2022-03-14,332
e64338d2-6485-4e36-bcc0-2ae7ed8b66ba,greenzebra293,"b""\xb6\x8a\xf3q\x0bP\x11s\xab\x03U\xa0[j\x8a\xb5S8c(S\xd2\xb3'\xab\x89\xa0\xc9\x0f\xacH\x98""",2022-03-14,333
10125310-0e25-4587-bf68-382d88215906,redmeercat746,b'\xbe\x0c\xa8\rY\x82C\xe1f4v\x88h\xffa@X]\xa55\xc5*?\xb7\x8c3\xd4\xc0\xd6p\xfb\xb8',2022-03-14,334
064c2cf0-899a-4dc8-b986-d54bb39cb97e,orangebutterfly636,"b'B\x19\x8c\x1e\x81\x02\xdb\xb5(\x02Rd\x94\xd4\xbe[\x10H\xd5\x01\xa9\x99""\x9d#\xbd\xa5Gr:m\x8e'",2022-03-14,335
ab12e136-a529-4148-9685-3f767a636ba4,beautifulsnake178,"b""\x0e1\xfc\xe4\xdc\x95\x96\x16K@\x08_\xdc\x97G2\x9c\x8a\xb1\xd1\xe5\xe1\xe4\xe9U\xc5\xec5Gw^'""",2022-03-14,336
b6786368-cc28-45c9-a04b-4fd9b91276eb,angryrabbit625,b'\xe2K\xd4\x1e\x01\xe3a\x87\x0ckT\xed\xdb\x9b\xcc\x99Yhh\xfak\xcd\x93\xbc\xb4\xfb1\xee\xc9\xc4!\xa4',2022-03-14,337
d85a5d4e-4711-4680-a699-e2ea71b10742,tinymouse788,"b""\x07\x93\x07m\xe9\x9bum\xf5'\x93e\xf4>\xa6l\xdf\x9daghW(<\xeeF\xba\xbf\xba\x82\x8a\x00""",2022-03-14,338
dc483d8a-cce5-4c75-9235-e27ff673d413,tinyduck719,"b'\xd4C\xbd\x92\x94\xc4 \xf9\x15\xf6A+\xa69zU\xf4\x96x\xc9\xb34\x80\xf9Z\xe1,\xf6\x05J\x1e\x90'",2022-03-14,339
a92e3572-d45d-4ec9-8e1e-06b9c669083f,angrycat650,b'\xc1\xa5e\x06W@\xcc\xcb\xf9\xdbc\x06`\x0b\xc1\x18\xab\x03\xb0Fz\\\xb8\x1f\xe3\\\x0b;\xee=\xa7~',2022-03-14,340
4fea2e45-8781-4050-af40-00dc856e35a5,happycat931,"b'\xb0\x8fb\xa8\x13+O\x82\x1d\xba\x9f_,}\xfa\xdb\xdb\xdc\xab4\xab\x92\x9d?\xd3\xbc\xb0+\xdej.y'",2022-03-14,341
12d4c5f3-d764-4206-baf5-3b2b94cdec92,redladybug793,b'\xc2\xb5[\xd7\x88\xeb\xb7\x95\xd5\xdfI\\\xc6(\xa4\x0e \x00`\xb7\xb4RA+\xf6\x8a9V\xebPF\xfb',2022-03-14,342
7248e5d2-4416-41d0-9cf6-d9d04375d496,goldenostrich238,b'\x0f|\x0f\xbes\xcc+d!j\x83#g\xbb\xb77A\xae\x0b~ 9cG\x01\x93\xc7!\x88O\xf4\xfd',2022-03-14,343
d3b7e42a-5d54-40b9-94a1-95bbd1ccb7ae,goldenostrich860,b'\x1a3U\xd2\xf4k\xbeI`\xd0\x00\x8e+a\xc9Mb\x99\xebg\xfd\xc9\x833\x00\x87\xd2t\xa1\xb3ED',2022-03-14,344
c0e8807c-8a11-49fe-b615-f05b2315503b,greenelephant617,b'\x9d\\\xf8\x8c\xd4qp\xca\x9f#\xc4?\xe7\x86\xc6\\A\x06(i\x11\xc1[.\x1e\xddN\x86\xd2\xdb\xe8\x12',2022-03-14,345
aab52ca6-69a3-48a6-9155-29813a5987fc,heavyostrich811,b'\x1a~\xeeL\xe5w\xad(\x1a\xaf\xa1_\xecH\x8eK\xde\xbdx\xbd\xe9B\xe2\xc4\x18\x1a{\x11\r|\xa67',2022-03-14,346
ea49f26c-a4c9-49c7-80a9-b48a683262ae,angryduck689,"b'\xb8\x94\x07\xc5MN\xf3\x1d\xf5\x8a\xeb|}S\xb0,\xe2\x9d\xefw\xd2Q\xabZc+S]\t\xeb\xf7f'",2022-03-14,347
2eab9b97-172e-4730-8fb3-55316a3bc536,ticklishbear351,b'\xd7!\xd0p\xbed\x0f86\xa4\xf1\\\x8b\xeb5\xab\xeeO&%\x02=\x81\x80\xa4\x94\x14\xfa\x0e\xe9pI',2022-03-14,348
0490f973-28b3-4402-aa4b-29d622196a53,ticklishzebra356,"b""\rB\xc7S\x85'\xbd\xc6\x93\x8e1j\x04G\xe1\x85\x02\xb7Ckb\xef\x00\xa2\x00&\xeb\xd6\xad\x1f\xea\x1e""",2022-03-14,349
e689b407-886e-432b-9489-0255ff120e47,organicbutterfly813,"b'F)\n\xc9\xe2\x84}\x90\xdb\xcc{\x16\xb0\xb8\x80""a\xe6\xa1E5\x91\x82\xdc\x8d\xaa\x90`\xe3\xa5\x84e'",2022-03-14,350
6bd280ac-5611-4399-ab8f-aa49c244bb3b,yellowcat463,b'X\xf6\xb7\xac\xf0E\x89\xc3\x07\x8e\xc0`}s\x87\xe3j\x8a\x85\x7f(r*o\x8a`#\x1d\xa6c\xa9\xbf',2022-03-14,351
3ac46157-dfc8-4679-a904-57cfb68de5f3,bigleopard212,b'\xac)6.*\xe7\x11\x9b\tq\x83G5\x9b\x83<1|\x04\x10)\xb1\xce%\xac\xe9Rap\x06\xeeW',2022-03-14,352
6e448f4d-06db-42f2-b940-8a4bd43c3b93,happyfish530,"b""\xf5\xbf'e\xbd\xc1W\x8e\xf02\x97!\xd2\xad\x0b\x99>\xf5\xae\xa8KV\x1c\xe8\xfb\xeb\xcf\xb8W?\x17O""",2022-03-14,353
ab2bc5f3-485c-4273-92ba-2823835055c5,purpleelephant115,b'\xfc-\xce\x00|\xc6\x0e}\xfec\x84!|\xef\xec\x80\x9922X\x8f\x1e7\xcc\x08$\x872;\x16\x94\xd7',2022-03-14,354
a4b26ed0-ed84-4be7-9499-101bc913b8f5,crazybear878,b'\xd9t\xc2\xa8\x8b\xef\xb8\xf0\xd6\xf1e\x18\xe6\xfdR\x1e\x12R\xe1\xfeJ)\xb7\x1c\x13\xa2\x04r\x01\x93\xf8\xeb',2022-03-14,355
5bab8ee8-3932-41a2-ad94-c2b5dd4775c2,orangepanda795,"b'*\xfd\xf4\x94\xc6l\xbe\xc3\x9f\x1e\xde\xbe\x88\xedy\x12\xa3 [\xd8\x18_\xf3\xd0\x01\\,A\x08\xd7wz'",2022-03-14,356
0446b9b5-e0bc-4cb7-9644-05aaa41dd987,biggoose975,"b'\xefg\x95\xff\x90\x86\xe8\xb9om&\xa2yy\xcc""9\xec#?\x19\xb5\xd0\xce[\xb9\xd9\xf0\x00DUS'",2022-03-14,357
d2f305a2-fa7d-4dfc-ba5d-56c5151a9717,goldenbutterfly537,b'\xb3\xea=\x9c_\xb62\xbd\xa3VP\x97\x9d\xbc\xb3b\xc7\xc9\xc2\xfap\xe27\xacM\xf2@\x08\xdc\xf5]\xa4',2022-03-14,358
98bf88fd-21c2-48da-b8c8-d25528ad291b,purpleduck747,b'\x02\x0f\xf5\x17\xea\xce\xae\xb9\x89\x1bm\x12\xaa:\xb2I\xdbk\x85\xc6\x83a\x91\xf6\xb5\xd8\x9d0\xef\xa8\x11\x8e',2022-03-14,359
bf2afab6-1aa8-4a01-a5e1-a443b4265923,bluebird774,b'\x8c20#\x1c\xf9\x81.\x03\xfa<8\xd3\xf4\x82H\xf5S\x91\xbed\xb6\xd3rA\x0f\x0b\xd5\xea\x94\xf6\xb5',2022-03-14,360
592d3d19-59e7-4e5e-ade7-535ffdedf417,tinygorilla402,b'\xe4nf\xb0\xd9\xa5-;\\H\xd0c\xf9u\xe73\xf8\xffb\xfa\xdc\xcf\xb4\xe9\xa2\xf3\x15\x8c\xd2\x84\xf5\xd3',2022-03-14,361
738a32dd-4026-4c20-930f-2ae455bb2883,organicsnake727,b'\x8e8\x06j\xd4\xe5\xade}\xb5c\xb5i\xde\x00\xd7\x02\xe6\x13\xb9\xf46\x8f\xf6\xe5\xb9\x1a\x98H\x0b\x1c\xa8',2022-03-14,362
b72bf129-a872-4305-a298-d53703e31004,bigmeercat251,b'q\xf2\x9375\x88H\x8b<\x19\xae2\xff\xb5Vh\x16\xa2\xbe_@\xe6\xebJ\xfe\xff\xc8y\xae*\x03\xf8',2022-03-14,363
0195bd67-bfd1-4456-9f1f-d55fb97e8342,silverbutterfly481,"b""j\xd7\xed\x83]W\xe5K\x99'\xfc\xaf\xd2\xffxC\xd7\x1c\xd7\x06wP\xde\x19>\x1c|\xd7\x1e\x0e\xae\xc3""",2022-03-14,364
e1672b8f-ff5a-4227-96de-0d5513f73d68,bluepeacock239,b'\xc0\xce#\xb21~\x81\xcc\\\x1c\x03\xfd\x7f\xa6b\xa1\xc8\x95\x193\x85\xe5\xcat\xe4\xa6\xa1\xdc>\x12\xe8\x83',2022-03-14,365
ac70754b-ecf3-4520-927d-a81e70adcd5a,goldenwolf136,b'\xfd\xc8\xff\xee\x8c\xa3sU\xaaN=\xf3\xb2a{7\xc1\xd1;\x86(@/L\xa1\xf1\xc7\x16\xbaV\xfe\x04',2022-03-14,366
f4f0a349-38ff-4763-bb91-81fb7b8cee53,greenlion956,b'\xaf`\xc9g|\xf1.\x81\x11\xe7\x83oS~\xf3\xcc\xf8\\\x8dA\x9b\x8c\xdd\xd1\xc9\x82\xad\x95)\x83\xb2]',2022-03-14,367
13cb3ee1-ecb9-4e91-b360-a81be27d6a41,brownpanda980,"b'\x7f\x92\xaa\x05+\xa8;[#\x1e\xda\r\x1b_\xce\xc4\xb8\x8b\xf15\x95<\xe1\x95\xc2\x82\xac\x1c\xa2&O""'",2022-03-14,368
c85dd332-7d69-4ea6-916b-61e74db7bf0b,bluebird988,"b""\xff\x1f\xda\xe8<\x94\x94\xbe'\x82\x91l\x08\xca2V\xd24$\xae\x80\x0b\xd4my\x13\xf5\xdc\xe5\xca\x04\x97""",2022-03-14,369
0e6086f7-13c8-415f-982d-719b8582bef6,happybutterfly111,b'\xb4a\x1a\x1b\xf2Y/\x93\x8e\xf5\xee\x07\x91\xf4\xbc\xd9\xb38\xf4(\x8a\xe5sQ\xc3rC\xbe\xc8o\xc2\xd5',2022-03-14,370
ae5e111d-e976-493a-86bb-1f5c7cfbf0f0,happytiger941,"b'\xcc\xa6\xb3$\x87\xdaj\x0e\xef\xa0\x19\x19Um\xa8R\rU\xf9\xb4\xb68np\xe6\xfbg\xbe\x95\xf0|""'",2022-03-14,371
70a7515b-a31d-483e-89f0-afeb04e4bff1,whitezebra960,"b'\x9f\xfd\xdf,ps\xd5\x8b3\xf6d\xcc\xdaR\x109(\x9aj\r\x99\xf9u\x04J\x01R\xbb\xa3)x '",2022-03-14,372
741db4e7-f4ff-423b-9413-8dc2041ab13e,lazyfrog203,"b""}3\x86\x00R\xf4\xfc\x95gc\xda@?\xc7\xc8t\xb3\x18\xea\x88\x92ZB\xe9\xdfBLAW\x9c'V""",2022-03-14,373
e9ee37c1-e84b-4970-93dd-86fb4db367db,heavybutterfly450,"b""\x9d(\xd9Q\xd5\xa4\x8eY2\x9c\xeb\x84E\x01%\x13'\xf9T\x16\xd2\xf2\xb8\x96p\x9aa\xf8\xeat\xcf>""",2022-03-14,374
04a8cf20-5925-4480-9353-99f4cd6166c1,organicleopard427,"b""\xc0@\x0ck/\x89\xd2\xe9\x95\xc1\xc7c\xde\xe3`\xc2\xe1\xc3\xd1T\xd7\x1c\xa5\xe5\xdc'\xa4\x04\xdeo\xc1\x9a""",2022-03-14,375
98c1de14-14cb-4823-be58-8ca489be4921,whitepeacock451,"b'\x98\xe5\xb1\xeb\xbc#\xfa\xf9\x8esW\xad""\xa18\x8c\xad(\xb9j:\x88\x17\x18\x14T\x97\xd4\xdb\x0e\xcb#'",2022-03-14,376
94a28418-c626-4c0d-880e-7cd072558bc7,silverladybug604,b'g4}\x00\xd1\xe0\xd6\x82\x18\xa1\xf1^\\o\x96\xec\xee\xca\xc5\x08\x8a\xd6<\x8bU\xb2j8\xb4\xee\x98\x06',2022-03-14,377
25ed48fc-0e4a-4955-a14d-4aa29e27d47c,brownrabbit285,b'\xd8\xd3\x8c\xd7\x19\xbd\x00\xf9\xc7\xb7\xba;{\xf7\xbb\xa5\x0b\xd4\xf4\xa0\xc5\x7f\xe8\xcb8\x11U\xa9\xae\x87\x89\x0f',2022-03-14,378
300cdf61-e485-4245-894a-fffa3eb78331,goldensnake291,b'lS\x84\xac?\x99\xab\xcb\x18\x89F\xb5\xbcW\x137\x85\xe7\xe6\xbfvW@~\x02mi\xee\xbb\xf7\xbd\x15',2022-03-14,379
596053c0-b536-44a9-82c9-7f7151968843,tinyrabbit802,"b'\xfa\xaf\xbd\xb3vr\x06\x87\x7f9\x00A\x11[\xc2\xbamYl{\x8c,\x16\xbe3\x89\x11W\xe06L\xf6'",2022-03-14,380
e3ae8673-c93c-47c7-82af-46ea190ae137,purplefrog124,b'\x92\xb4\t\x82k`E\x1e\x88\x84\xe8\x8c\xd1\x0b\x87M&\xec\xd0\xb3]A\xb5\xeb\xb7P6|\x92\xca\xaa\xe3',2022-03-14,381
040ff954-6d0a-4584-982c-ba854a618918,blueladybug182,b'M\xb0\x01\xf6E6]\xaeX\xa6\xc7\xc3\x8f\rV\xe3R\x08\xe2g\x97j!\x1bY\xe1\xae_\x00\x04\xbd\x1c',2022-03-14,382
d4ce4994-8528-475a-bbca-53e1a032d0aa,smallmouse869,"b'\x8c\'\x07\xf5jY\xf9\x8fTI;""\x8f\xd2\x9c\x07\xe3\xb0\x94\xc0\xb6\xec\xb5\xf6Zh\xe8\xc2*\xec\xb3.'",2022-03-14,383
4c1757ee-8bc8-402a-8f53-dde1710f30f4,greendog997,b'4\xc5\xc5\r\xfb\x00\x1d0\xa3\x1b\xdfy<D\xc0\xcf\x89\x05\x085)s\x99\x12\xe1\x1d\xdd\xb3\xf3Ks\x97',2022-03-14,384
b60aca80-0bd8-4bb7-a5e3-8d904c79eeeb,beautifullion571,"b'\xc5\x8f\xa4I\x8eQ\xebA\x1d\xa6\x88\xf2""C\xae\xc8\x88\x89\xc0\xde@\xca\xce\xea)]sD\xeeVU\xc8'",2022-03-14,385
e166ba76-561c-40a5-9098-e57c8d6b53a2,silverladybug296,"b""P\xbb\xb4\x88'\x14\xc3\x00\xc9\x84\x0f\x8c\xb7&\x80\x9cW\xcd\xac\x07\x1a9n\x7f\x0cY{\xebO\x1f9\xa2""",2022-03-14,386
846b7bf9-968c-4090-8fef-ffb7b501d37b,bluewolf136,"b'Vh\xb0|\\\xa8\x0e\xc1\x80lZ\xc2""}\x9f""\xd5\xbf\xd2\x06cg\xd9\xc9\xb5an\x83\xed\xb1\x9c9'",2022-03-14,387
55b2b23d-c787-4528-aebc-bec4f06e10d6,organicleopard529,b'\x9b/\x19\x1d\x9a\xea\xc8\x9b\xc3v7p\x1d\xba_\x04\x10\n\xbcZ&9\x86\xb7N\xa7#\xc3\xfb\x8c\xc6\xa8',2022-03-14,388
8ecebebb-c6df-465b-890b-6968a5b7c17c,angrydog939,"b'\xa5\x98\x9c\xe7\xa3\xda\xc0\x7f\xb0i\xbb\xb3""\xae\x00m\xc7\xc6\x15R\xe4\x18g3\xc17\xbdk\xd9\x08\xd4`'",2022-03-14,389
eae4037d-c8bb-4509-8c28-1686fec039c3,blackdog738,b'F\xd9|\x82\x8f0\x03\xb2\xbb\x84\x89v\x07\xfbU6\xbd\xa8&\xca\x04f\x1chR\x902\xf5\x8a\xda\xd1\xce',2022-03-14,390
3fe885ac-bcbf-4140-9316-f4e17a7e5f07,tinypanda605,b'\xb8\xcc\x03\xbe\x1a4\x82\x0fL<<\xa8\xf1i\x97\xc4f1\xf7v\xc9\xa6i\xdf\xbc1\xe5a\xb7\xb0\xbeF',2022-03-14,391
2cb4289f-6a35-4e05-ba0e-f131af12f892,lazytiger539,b'H\x11~\xd8^\xcd\xbb\xa3\xe1\x0c3;\xc1\nD]7{n\x05}0R\xab\xa1\xb4}\x1a\x0b\xd4>\xab',2022-03-14,392
681cb1f8-b6b6-4806-b7d0-116f35e76f23,angrykoala773,"b""Eqw.U\x9a\xe4|<\x033q\x9dt\xa8\xdb\xc0\xe0Nn\xfc\xd9'\xf9\xe0\xb0\xe5\x8c?\xa9U\xcd""",2022-03-14,393
c75f2f61-471d-447b-bd88-8815e8066747,yellowpanda147,"b""\xa1!'\x8c\x11\x0fRJ\x83\xf0R\xc8\x99]D\xbdL\x03\t\\\x1f\x9e\x14\x7f,\xbf\xf5\x1beNop""",2022-03-14,394
d2e10782-dfe2-4363-9d93-400ee35573a3,greenmeercat855,"b""\xc0,\x19\xba\x0b\xf2\xda\xed@\x1c\xd5\x84z\x94'\x9d\xc7>>\\\x0eq|\xc0\x17\x02\x00\x13\xacn\xd0v""",2022-03-14,395
e5940cf8-2e91-4d68-96e1-c798f828493f,blackcat725,b'?\x01[\xa4bz\x11\x82\xf3\xaf\xf8\x8d_u\xedr\xdcX\x96\x19\r\xf9\xe0\xb1_\xbc\xd5xb\xe7\xd1\xea',2022-03-14,396
765e01ce-56ac-441d-9963-d0c901abd2b3,bigleopard603,"b'Z\xfer\xa2\x06D""V\xa0\xc8\x8e\xc0\x8d\x92d\xf6\xb9\xa1\xb98\x13\x1a,Y\xe0\xe3T\xac1\xa9j\xc3'",2022-03-14,397
e24873cd-7924-4b63-9afa-cd8ff3aa0ddb,blacklion375,b'0\x12\xd0\xd9\xf4m\xe5\xbcQ\x8ba\xde5\x9f\x1f\x18\x11\x98\xc6n\x10\x7f\xbbl\xf5\xa5\xb7\xa3\x16vW\x0b',2022-03-14,398
5a760ee9-7232-4700-9774-6edb1b4353ad,purplebear127,b'\x7f\xa9\x85\n\xb6\x02\x98&B\xfa;7\xe5J\x16\xf3X\xfeykGH\x99\xc66\x07-\xa84\xf8ST',2022-03-14,399
f5177493-4452-4eb9-b106-f3a1e3e6f095,blackwolf664,b'\xe7\xf78\xb2?TC\xfa{\xbb\xae\x05\xa1\xc4\x83\x94c\xe1\x8fv\xb4\xd5\xdby#\x0f\xca\x0f\x13\x89\x84\x93',2022-03-14,400
e6858b0e-e18c-42ef-bbd7-8075daf75f50,brownrabbit960,"b'DJ\xc1\xa9\xcd\xf1\xfc\xb8\x17\xc5g\xbd>f\xa3\xfd\x9e\\\x96\x1d\xdf\xcb,\xd3\xc9\x98M\xa5\x18a\r\x98'",2022-03-14,401
298416a2-871b-48f1-82aa-b5957f9a3afa,yellowmouse758,b'/\xbbD\x03\x9cV 5w\xd9\xd6\xea\x8cF68\x06\xba\x03\xce\xaa\x9a@U\xf6\x86\xbc1{>\xe6\xbe',2022-03-14,402
7a4bfb25-39f0-47f5-85e0-4a83766dd32d,bluebird594,b'\xe7\x1f\xb8\x16o5\x95\x15\xd0J:lV\xd21\xbb\xdb\x8a\xdet+u\xd6\xe2-\xcb/\x82\x1c\x18\x907',2022-03-14,403
9a2c7432-4221-497d-b541-e0c9df407e8e,purplezebra350,b'h\x8c\xa0\xf4\x1d\xd6\xd7\xa1p\x9bG\x17\xe5\x84-\x98g\x02\x7f\x1eV\x13\x11\xc0\xf2\x18<\x10@\xcb\xd7\x12',2022-03-14,404
5f23864c-7f50-47ce-b603-aaf41ead44c1,crazypanda359,b'\x16\x10\x9btSg\x03\xac]\x92\x9a\xf1u\xe2\xe2\xe3J\xac\x11\xbf\x10;rw\x1e\t\xee~\x15\x9c\xff\xd8',2022-03-14,405
6e642546-bcd3-4c0c-98a1-7883a02e5641,tinygorilla738,b'\xc0\xf9\x17\xfa\xb8\x977\x82VB\x88\xcbS\xfb\xc4\xd5\xe0\xfa\xe0\xf1y\x10\x8a}\xe5kG\xe9\xbe\\\x1c\x91',2022-03-14,406
3bf7af01-4cc8-4bf7-b4dc-9cf056baf333,bluepeacock779,"b'Z\x95S\x1e\x81*\xa55i\xe3\xdc\xb2A+\xf5u\xccJ\xfb\x9f:#\xbc@n\x9f\xa4\xf2\xd8""\xee\x93'",2022-03-14,407
9ef4d27a-e1c4-4e58-a610-4358d6e94895,angryswan326,"b'\xbc\xfb/L\xd1\xa09\x8f\x04\xa9""\x82\x8b|p4\xb9\x80\xb6<\xc3\xac\xe4\x9d\x8e\xc7=I$\x156\x81'",2022-03-14,408
eba2909a-d900-4d12-84de-3996454c87a7,purpledog891,b'#f \xa9k\xba;\xdf\x132\xc0\xef\x1doEV1\xb6k\xa9\x0b\xd0q-\xb3\xf3\xd6h\xba\x90\xa4)',2022-03-14,409
95911827-ffaf-47c1-81fd-9077858197c8,blackcat812,b'~\xef\x8d\x96.\xba`*\x188\x18\x03\x81<{\xd4\x95\x97p\x9f\xed\x1a\x15\x7f\x85c\xce\xb2\xee\x82\xe8\x00',2022-03-14,410
e141010e-7513-4045-beca-93438ad20a71,greenwolf694,b'\xd7\xa2\x03!%0\xc4\xa49\xbf\xafn\xab\x965 \x97|\xe5\xbff\xbeC$\xd4\x0e\xd1\x8b-\xda\x94\r',2022-03-14,411
41d7a820-a763-4c40-b55b-6ae645cc8b01,whitemeercat210,b'?\xe8\xcbi\x19BA\x8d\xc7\xcd\xcd\x06sR\xa5\xa2\xf67\x12{[-2\xda\x05\xaa<\x84$\\+\x97',2022-03-14,412
73f5e11b-e9eb-4397-8e93-8c055c7dd3ab,brownkoala227,b'n\x9e\x000|7\xbd>\xe8\xc1\x97\xe3\x8f#\xe0\xb5\x062\xd8\xb2&\t\x8a2\x82\x07\xbe\xe7U-\xb4L',2022-03-14,413
df5cc7e3-b3b5-4bf7-a81d-e9e513f536b6,redmouse874,b' v.\xa9@\x08Vn\x15&&\xd9y\xb7\x1dK\xa8\x91F\xe2O\xba3_\xba\x12\x12\xf6=g\xfeq',2022-03-14,414
eabda8d8-7b29-44a2-be1f-bea020f227db,happyswan866,b'>\\6o\x05|c\x890\xed\xc4_oN\x9e\xc4f\xbc\x1a\xd5\x87\xeb5\xb4r\xad\xa3\xb3\x0f\xaea\xa9',2022-03-14,415
f3b35771-d63e-4554-a447-4ed0b3af6e38,purplepeacock378,b'9\xf5\xb4md\x97\xd4\xa3:\xf7\xf3\xa5^\xd1 5\xc4gU\x12 \x10\x8d\xc6\xeb\x08\n\x7f+\xd8\x8a\xbb',2022-03-14,416
55c649c7-1b35-4e1e-8bbd-c898ddf9d7cc,yellowzebra497,b'\xad`\x03\x14\xdf\xc8\xc5<\x1c7\xaee\xc1\xf0\x9b\xdf\xd8\xa9\xd4\x90\xf9\xd88\xec\x84\xc4|ve\xcd*%',2022-03-14,417
5ed1fbd2-f765-4280-ad08-8ed7defa0ed4,silvermeercat274,b'\xd6\x92K\x87\x81\x03\xd0\xae\xf8\\\x1f\x0c\xdfh\xfdl\x14\x00\xfa\xfd`\xbb@\xff\xbf\x17G\x16\xc8\x82\x08\xb4',2022-03-14,418
992c80c9-835a-4482-b449-34ccbd478138,greenpanda778,"b'\xba\xb0\x82\x08\xd8F\xb2%:QAeCF\x18\x0c\x17\xe1\xc7\\rua""\\\x9aL\x1e0\x1e\x8c\x9b'",2022-03-14,419
ab0b1732-cdff-4e5f-a06c-eb845e259fe0,sadostrich759,"b'TU\xc3\xf8\x19\'\xa3!\xc0,\xab\x19d8\x08""6.\xd3\xc6\x12\xbb\xb8\x19\xf6A\xcd\x86\x83\x03\x01\xb9'",2022-03-14,420
00e236a0-133b-4538-be98-f9519f2291dd,goldenwolf662,"b'c\xd7\xb4\xe3\xa2^\xe2\xef\xaf\xe2\xf9\x87"")\xbcMc\xdc\x9a\x07\xd2QwZ\xd7\x01\x97\x93Z\xb6}""'",2022-03-14,421
4e9eea57-ad0e-44b5-a2a3-20f47cd6432d,organicleopard545,b'RF\xf0\xc4\xcd\x11\x82!!\x89\xbc/\x11A\x04\n\x9d&c\xc7\x9f\xc8\x06/d-\xdc\n\xf5T\x95\x06',2022-03-14,422
e2372f45-48e7-4b8b-bc13-ad908440c6d9,organicbear809,"b""\xa9\xc6'\x00\x0b\xa3\xa1f\x9a\xbe\n\xc3\xc5\xf6\xdc1\x0f;e\x91_\x9b\x16@\xbf\xa2\x93\xf9q\x9e]\xf0""",2022-03-14,423
9c8a5a6d-a963-424d-9730-b261704834a5,beautifuldog128,b'\x94 \x87\x8db)>:\xc3\xd3\xdf\xa4\x8cl6\xbe\xaeFh\xa9^E4\x06\xb5\x91$\x84-\xc6\xfb\x8b',2022-03-14,424
3d990949-9fc3-45b5-ad8c-3f7be9fd9718,brownrabbit124,b'\x19\x1aC@s\xa6#\xefC\xaa\xcc\xb9Ogp\xc2\x07:\n\xbf!\x0b\xfc\xeccB\xc0\x97 \x862=',2022-03-14,425
9f6e07e8-d66d-4b9c-acc4-ca5fb85069b2,whitepanda758,b'W3bN\xc0\x8aLy}4n.\xcdwu\x88\xe4\xd5\x17\x05\x9d?v\x8b\xa9M\xcd\x91\t]\x02|',2022-03-14,426
436b169d-c2ba-4332-a95d-4f6df2dd0be4,goldenzebra902,"b'\x8b\xce*K\xddE\xf8OLE\x8c,c\xd4\x9e\xa3\xab7\\>\xf4tnB\xf0\xe0\x0f\xbb\xb6Q\xff&'",2022-03-14,427
b4e9aa93-8800-45f7-a7c8-183ddc86ca72,yellowgoose794,b'\x9b\xd6u\xb7\x15\xcb\xfb\xd139\x9e\xe8y\x82r{K\x91r\xd0\xd5\x18\x89\x18\xb4\xf7\xfc_u7\x02A',2022-03-14,428
5c530da6-824e-4f1c-b194-5f388e71ac9b,greenzebra386,b'\xd0\x0e\xa6\xc6d{\x97\xc6EN\x1f\xf4\xdb\xc7/\x97\x16\xcfO\xf0\xb9P\x85\xf4\xfd\x01\\>^\xea\xa7\x85',2022-03-14,429
07bf7cd8-b029-489d-aad0-2283f49f76eb,purplekoala861,"b'\xdd\xc7\xf9x&]\xe8\xbe\x11s\r\x9a\xfd\x06G\xef\xba%\x1f\xbfo\xa3\x93\x0c\xc49m\x99_""\x8bg'",2022-03-14,430
54bab837-d431-4e39-9498-b61550561adc,orangebird726,b'\\\x83\xc0`\x9fr\x8e\xec\xba\xe4\xf0X\xd0UQ\xc9Jr\xbehu\xe5\x9dd\xa8\x0fi\x89\x92\xd4\xb5\x8d',2022-03-14,431
81068d80-a5d0-4bd9-9497-ef24c2774fe2,browngorilla113,b'\xd6\x1d\x19\xc9\xa6\x8aD\xe2\x1a\xc9\x8d\xee\xf9\xd6TH\x9cH\x9d\x80\xb4>&\x834B\xed\x8e\xf5N\xf1\xa6',2022-03-14,432
021d7d0e-73d0-43f7-a814-e2be6152527c,heavycat117,b'\xa4\x93 K\xcf\xf2C\x88\x12\xb1\xc4\x10\x87\x05Y\xe04\xa9\xa8D\x8f\xc3?\x7f\t\xbb\xe0\xa2\xc4\xe2\xb4K',2022-03-14,433
28c5d46b-e5b1-4dbd-9743-4231b617b680,yellowgorilla946,b'\xb5\xc3\xc4\xdf\xf8\xa9\xd0\xcb\xa9\x7f{Z\x04\xcb\r\x11\xe2\x1a\xc1\xc8\xbf\x99\x8c\x90\xb5\xa6@\x8f\xc0lB\xee',2022-03-14,434
b7d01fc1-c5e5-424e-a233-28d4367b6929,organicleopard692,b'\x8a\xd1\x16\x1c3\x1f\x08\xd9\x8a\xb4\xef\x93y\x17\x89\x9d``\xf2\xe7\xc9o\xa6\x98\x00\x08\xba\xce\xac\xd2\xff\xc1',2022-03-14,435
a89f1c82-2a45-402c-8369-17d644027dfb,silverrabbit679,b'\xc6\x0bG\xa8*L\x9fYko\x17M\xc9;B\x99\x9b\xf0oz\xbd\xbd\xac\x9c\xceIsi\xe2\xd6\xcf\xa7',2022-03-14,436
36e00dd4-08f1-49f3-9b57-04d16d9b1c47,brownleopard331,b'\x15b&\xd7kWN\x17#|\xeb\xe0\xb7\x891\x0c\xdfH\x11+\xf6\xf7\x00\xd8O\xa8\\\xdfjs\xfb0',2022-03-14,437
d142b725-9274-41e5-9154-b18937e107f1,blueostrich925,b'\xaf\xae9-r\xdb:P\x9c\x90\xa8\xaf\xedD\xe3@\x06\x91\x0b]=\x1b\x90\xd5\x93\xfaQ\xad\xbe\xc6@\x10',2022-03-14,438
246145af-cc24-4719-a31e-541c4afedc54,bigduck409,b'\xdd\xf3Vy\xb8Y\x14\xb0\xcaa\xf3\x9fgV\x17\xbc\xd0\xde\x14+?\xc8\\T\x0e\xa3\x02\x19\xa5S\xa1\xcd',2022-03-14,439
923e60b2-3443-43e4-9d1a-52cb6fc5a1dc,crazytiger771,b'\xff`0A \xb5*\xc2\xbf\xd6Ki+\\\xf7\xa3t~\xe3\x1fd\xb6B8\xb1Sd\x93w\xf3\xeb\xfb',2022-03-14,440
315aa2ec-a26a-4c76-b033-284c88af0d2e,brownladybug335,"b'\xb1,V{}v\x9e\x82\x1e\xeez\x9b\x0e\x91\xaf\xac\x98m6c\xf5_\xb8H0Ym/m\xec\xabq'",2022-03-14,441
1799d659-559e-47b8-a20f-6a9a60716fb5,silvercat481,b'\xb7}*\xb5\xe3\xdd\x1d\xbe\x0b\x86<\x00\xd5<(\xe5\x0f\x17\xa0\xf3\xcf\xafj\x99\xec5\xf2\xb3\xb6X\x1b\xbb',2022-03-14,442
d86d1d66-648e-4a3a-aca6-9550180ca9a2,ticklishfrog582,b'\xab\xbcg\x13\x8f\xf1\\\xb4\x19\xa2}\x88Q\x91\xe8h\x93\xb2S\xc9\xd8\xdb0\xef\x07\xecvZj\xa2O;',2022-03-14,443
dd9b8ab9-8345-4ae3-9d33-cc31d96fa76d,yellowdog444,"b'!\xf1\xc2\x1d\xf1\x81\x04g\x9a\xa0\x87R{jTe,i\x1c\xf7\xad\x18y\xbb\x80*T\xeb\xa7\x9b\x07\x12'",2022-03-14,444
408cbdf5-682f-4ef6-be88-8eb523453fe0,biggoose814,"b""\xcc\xe2\xcd\xb4\x9bWhH\xd7\x92='F\xd0!(TPgK\x88\xd8\x8b\x9e\xe6t,-\xdf\xbe\x1bI""",2022-03-14,445
c6b70ac7-23a5-4735-b1d1-1463ff68d175,blackzebra176,b'\xd3\x80]V\x9b\xff\x1f#PZk\x93j\x8f\xed\x89B{\xa0G\xf8\xff\xaf\xd1\xd5J\x9et\xb05\xa2D',2022-03-14,446
5bdd28ec-e1f0-4f80-b5bb-dc4cd82bb5ef,ticklishelephant859,b'M\xc1\xa5\x17\x9a\xc2\x9f\x9a\x19\xf6\r\xf4\xb5l\x0cl\x7f\xbbe\xa1y\x8a{{\x8c\xa5\xbcF\xed\x97>F',2022-03-14,447
0af88139-f93b-4407-b373-806acac700c6,greenfish614,b'\xc4X\x98\xb8\xf6\x84\xe6\xb6\x9d^\xb6T7\xaf\x91\xe7\xf0@\xe2\xb7\n\xe5j\xd4\x92\xbe\x03\x80\x04t\xd3H',2022-03-14,448
f35217d2-e7fe-47ed-b8cd-95b655d7dde9,beautifulfrog151,b'N\xa5\xa5\x0cD\xdd\xe9J\xfeh\xbc\x1f\xf1t\xdf`\x82/&|\xedw3\x15\xef\xc5\xf8^Xg\xfd\x98',2022-03-14,449
ee2813fa-193c-4a08-a9dc-daab5cd15430,silverbird388,b'{\xc9\xb3\xc3@\\\x13\xc1\xa6- qN\xa1\x05mz\x9d@\xca\xfbofg%h\xea\xf5y\x9a<y',2022-03-14,450
5b63f844-db17-4340-9066-7648cc170aff,happypeacock774,b'>R7\xb2\\\x8f/PV\xde\xba\xaa-\x1b\xb8\x03\x9d\xf2\xb0\xcexH\xf7\x1c\xa1SW{7\xaaX\xdc',2022-03-14,451
4678fd23-8df2-48c6-93b3-e00f0758547d,beautifulelephant657,b'_4\xdcn(\x97\x7f\xde\xcd\xd8\xbd\xc6\xb8\r\xd2\xfdA\x17D\x0bO*w\xe7\x880\xfbz\xad\r\x81\x81',2022-03-14,452
91dd8796-53ee-42f4-84b2-a03d5286d5b4,lazygorilla709,"b'iB\x86\x06\x9aT\xf8\xa2=\x8b\x11\xaf\xfanymNo\xe5o\xf8\xf1\x19\xcb\xc8\tO&""*\xa6T'",2022-03-14,453
83bbe319-62c8-4211-ad53-78f6a6c9afbe,bigladybug710,b'\x8aD\nF\x01Q\x9e\xa5\xa8\xe2\xb6\x83\xb5Zuf\xfce>3\xc4\xe9H\xcdA6\x00\xd1\x1c\xbf\xc6F',2022-03-14,454
7bfcdf4d-0a19-49ed-85db-d89edc710938,whitefish142,b'h\x16|h\xa4&\x9c\xf8[\x95\\Nf%-#\x8f\x0b\xc6\xaf\xa5\xaef\xe3^\xf24\x1f\x80\x9c\xe3\xda',2022-03-14,455
f05667a3-1e12-4c04-b8c1-8317696abf2c,orangeduck123,"b""\x9b'\xbfQ\xbb\x17#\xb8\xfe\xdb\x1d\xd3lob\xb4*&\x86\xee\xb83\x82\xcf\x96o\xd9\xcb\xfa\xbd\xeb~""",2022-03-14,456
de6d1a39-123d-4fbc-9d42-2e3041d87db9,lazybird211,b'\xebx\x96jD$\n\x1b\t\xf5\xb1{\x11\xaa\xe3]WM\xa3J\\\x00\xa3\xd4k73\x1d\xe0\xb1\xbc\x9a',2022-03-14,457
7198cdbb-db10-4e29-ba6a-f80e3756885e,purplebutterfly258,b'\xc6V<\xee2L\n;\x985\xa8i\x0c\x87\xea\xd1V\xbd\xe4\x8ej\xdc\xaf\x0e=\x82=z\xfb0\x9d\x91',2022-03-14,458
5b46afa4-46a1-4a96-9fc0-f37927751a80,smallmeercat925,b'\x83\xc6\x0c\xf6\x10@\xb8\xe9\x0c~Z\xb3.\xd6Xo\x94\x14\xcb\xe4P\xd1\xc4L\xd8\x9d-\n\xb5\xc3\xd0\xa4',2022-03-14,459
8da2fd56-77fe-4477-b644-a76ba7d71a1d,brownfrog405,"b';\x08\x8f3\xc4\xc1\r\xa9=\x8f\xf9\xba\xdaV\x0e\x86\x98\xd3\xf4\xb0\xc1=""c\x8e\x93e/\xe4\n9\x11'",2022-03-14,460
d127e333-65a0-4ab3-876a-cbecc685a5cf,purplesnake321,b'^\xd9\x1b\x06-o\xf1\x96\x99?.\x9e\xbc\x89\xb4\xfcT\xde\xf3\x04\xc5\x94NK\xcc\x81\xeaIby\x00\xa3',2022-03-14,461
f9c55a77-120e-4c29-887b-27a595ae12bc,whiteostrich714,b'\nO\xabc\x1e\xe9\x14\xab\xff\xca\xd4L\xae\x8f\xe1K\x16Z\xfd\x0f\xa7I\x8e\xa6\x9b\x16n\xc3K\x03\x9a\xfc',2022-03-14,462
073cacf5-aa45-40e9-91e5-5cc9b42a6ce3,purplesnake963,b'\xcc\xda\x90\x96g\x0c\xb6\x80\x0b\x93C\xf3\xca\x1d\x1b\xb9=\xbbPdI\xdc\xed\xdd>\x18\x82\x17\x89\x88\x1cp',2022-03-14,463
8df35969-d4b6-44fe-ba65-0e63768156db,tinykoala413,b'X\x14\x00>\x96\xe4\xa5\xae\xe7\x9f\xfd\xfc(\x15\xcd0\xeb6\xa7\xed\r\xdc\xb6T&E-\x0f\xd3f\x82[',2022-03-14,464
12dc21cb-7ae1-4546-b50b-16b5cea6d6c1,bigwolf216,b'\x14}\x10D\xb6\xb1\xd9)\xde1\xdbCp\x7f\xc3\tqd\xcb\x1b+Z\x8a\x0c~K.\x81\x89\xb9R\x91',2022-03-14,465
6a3e73a2-0940-40bf-aadd-b57886244202,silversnake263,"b'\xd9\xe0\xd4h7\xab\x8a\xba=\x92\x8a\xd0\xfc\x1e\xdf\xa8\x99(h\r\x9c)\x8d~\xf1\xa9\xccE8?\xc0""'",2022-03-14,466
856004b7-f0f1-4205-8a29-e50530b8e028,orangedog778,b'M\x07\xb8\xc6_&\x80\x04\xc1\xaa\xe0\x86\x8bue\x99\xda\xf4\x00l\xdb\x94\xa6\xfe\xcd\xd4W\xb7\x0f\xb2[y',2022-03-14,467
809e35d7-931c-4248-b9f6-f1bd8050d94e,reddog987,b'\x91 X\x93\xff\x9a$\x013\xd3\xb90\xacqx\x12`\\\xc7\xf7\x07V\xf2\x1fy\xf1\x87b\x9b\xb5\x93\x01',2022-03-14,468
5c3c5a12-d264-4470-9891-077ec62cb9ef,tinybutterfly692,b'\x1d\xeb\x98\x1ap\x8e\xb6qeAA\xb3\x8c\xa3#C|\x84\x1e\x0f\x1c\xe1\xedb\x06b\x95d\xc8\x91\xd6\xc8',2022-03-14,469
60816930-5185-4199-af9f-b724f86a5481,organicpeacock681,"b'\xd1i\xdf!FS\xd8RO\xb2\x91\xf9n\xd12\xf9\xbb\xbdh\x11,/(\x84\x8e\x02\xc8\xbc=@\x9d&'",2022-03-14,470
6cd467e7-06b1-4374-90b0-7d85239e8509,sadfrog884,b'\xd9DehIY\\\xd9\xbd\x10I\x13E\xf5\xe0\xcd\x01I\x80\x97]\tA\x94\x94\x9c\xbb\xfa\xab\x91\x84b',2022-03-14,471
d3a8d170-058e-4f4f-aafb-954b26b09733,angrygorilla295,b'p\xeb\x7f[\xb2z\xaah\xc6\x9f-!\x9c\x98W\x96\xc7s\xba\x07%|\x86\xe0R\x1e\xc4\xb8\x813\xf7\xdf',2022-03-14,472
78b625c2-1291-47e6-94d3-87c17bdcecb8,sadbird108,b'\xed\x14\xc5\x19b\xb1\xa7\x98\xa4\x9b\xb7\xa8\xa9\xd9P\xe3\xb0\xd4\xf4\xb0\x07a\xc9\x97d\x90\xf3\xa9s\x0c\x99\xa8',2022-03-14,473
c2a91989-64ac-44e6-b3fb-384d31e01907,greenmouse421,b'\xa9}O\xc0\xecG\xb0\x96\x9f\xd7<\xfb!\x99e\x94\xd3\xb6)aL$\x83\xfc-UK\xff9&\xd4x',2022-03-14,474
88f2c559-23cb-4ddf-b738-ad2b8f9a0897,crazyostrich273,b'\xa5\x8a\xcfpx\xdf4\x1a3i\xea\xc5\x1b\xae\n\xe1^\xb4\x87\xa8\x15)Z\x12\xe5\x87\x03\x0b\xd0\xe3\x1b\xfc',2022-03-14,475
0c9cdbbd-2829-4e33-a949-024ecb139bd4,ticklishlion622,b'3\xefi~\xe2\xfb\xefD]\xda.\xe5\xee\x88\xc7\xf8-\x93\x9dL}\x13I\x8f\xb3\xd1\xce\xe3HF\xaa?',2022-03-14,476
142216a0-7795-4105-b03f-0c553fc9b781,orangekoala958,"b'\x99w\xa9\xc6\xe0 NO\xeb\x8d\xdf\xa6\xb4e\x7f\xa4\xd7>\xe8n\xe0\x87\x03k\xac\xac\x1e\x83\xe98,H'",2022-03-14,477
987a51a5-7d88-4157-b6d3-d0434f7f71a8,happymeercat576,b'\x1b^\xbb@\t\x87\xf1X;\xa8\xc9W)\xe4F]\xd7\x1a\xae\xb9\x04L\x15\xe9578\x08\xff\xfcB\xdb',2022-03-14,478
a1765473-1e12-4fdd-91b8-592258c21d59,heavybutterfly523,"b'\xa4\x14\x06\x04\xbe\xd3+tBtA\xe4\x8c\xd5\xa8\xd9F\x12\xc4\x14\x97\xce1\x00\xc7\xaf]yD\x9b\xa5""'",2022-03-14,479
3bc1d81e-712d-46ce-9108-7c3dd6223525,blackbear366,b'\xd1\x95v\xffYly\xb9\r8\xd7\xe5.\xe6\xb8\x1es\xa3\xc8x\x12A\xf7\xa9m\rz\xf9\x02`C%',2022-03-14,480
70477da3-2b71-4426-9f77-8eebe9f76a75,orangefish920,b'>z\xf4$<\xf2b\x81\xa9\xd6is\x8aH_\x96+\x9f\xa8%+j\xad\xf0\x0f\xca\x94i\x05\x97\xa5T',2022-03-14,481
33b836b5-870a-4985-8732-ca00ee31803b,purplebird899,"b""\x9c\t\x8f\xd0\xc0\xbb\xe9\xc0\x94m\x93\xf0y\xd8P*'\xbe \xb5\xc7J\xf7HaC\x8d\xf9c\xf3\xcf\xab""",2022-03-14,482
79e96c7c-f8dc-412a-a0f1-3f668e5b772e,lazymeercat617,"b'\x9b\xc5\xac\xac\x88\xe7\xc5X\x9b\xe51\xc5\xcb\x18\xbd|\xd9\x13t\xa9\xed""\xfdh\x0b\x89\xcd\xbfP!}\xef'",2022-03-14,483
ea3d8821-4356-4267-811c-87a975c2b18e,ticklishwolf469,"b'A\x86@Q\x9dzanW,F$<;t\xea\xb1\x06\xccc6[\xc4?\xc8$HP\x03|""\x8a'",2022-03-14,484
a21c66a2-245c-4272-8ff3-1c062ff6c4e7,purplepeacock406,b'9&r\x1a\xf8\x9d\xb3X\x12\x8a\xf1\x87\xf2|\xfe7\x9c\xab<\xc6}\x81Hd#\xdeIB\x98\xc0\xc1\x18',2022-03-14,485
8475b629-564e-48fb-aed3-f3f62ae2c139,yellowwolf524,"b'\xd3s\xbd\xb5u""\x17\x13\xf1\xdb\xcf\xfc> 9?\xbd\x84e\xa1+E\xc3i\xbb-p\xbc\'XR%'",2022-03-14,486
5cffea0d-1e08-4ca7-b9ee-ba0155f18b33,whitelion627,b'&\xd9_Q\x18\xbbDLHB\xf9\xf7\x02\xd0!\xd83\x8dtu-3Ir\x9f%\x8e\xf0\xb3\xb5\xbc\xc8',2022-03-14,487
ff436010-8d9f-44a7-aa65-947986439093,smallrabbit485,b'\x16\xc6\x97p\x9e\xd4\xe9\xbb\x16\x98P\xd0\x99\x8a\x91\x83\x98\x8fst!N\xfc>\x1f\x00\xbd& \xa9\xfd\x18',2022-03-14,488
8836e2dc-4d6a-4a5a-a636-8f51cd5932cc,angrypanda937,b'\xff\x08E\x11\xe90\xba\xcavlr\xd0\xd0\x1a\r\x92\xa5\x06q\xa6\xbcG\xbf<\xfe\xd7\xbe\x0b\x89\xba\x1b\x16',2022-03-14,489
9a40dc47-9384-4ab3-af59-e8577a2da4fe,orangebutterfly817,"b'\xaai\xa2\x96b\xe3N\xf8\xfcu\xa3\xbc""\x98p\x9b\xcf\n\xb8\xdf\xdc\xf0\x8b\xa5\xcaTUf>\x08\xe3F'",2022-03-14,490
0180b934-8258-4348-9e60-185b109df7be,happyleopard605,b'\xb0Z\xa6m\xbf\xa4\xa8\x84\x06\xf86;Z\rmD\x03~\xb12\xa1\xa3\xc9\x89\xfaG\x8f\xf7\xfeQ\xe0\xd7',2022-03-14,491
c34e90f2-8cd3-4374-a060-e941f5d08300,greengorilla547,b'\xc3\x02\x86R0\xb7\xafe\xb7\xb4Y\xeb\xec\x97\xe4{\xc2\xc3q\x1d\xc8\x88}\xf5\x13\x8c\xb6\xc9X\xc8@\x9c',2022-03-14,492
84b6fb53-7c6d-4b0e-93f6-296ae7ec0154,silvercat169,b'~\x88u\x12z\x87\x9b\xd6\xa8\x84[\xc7\xdb\x16{\x89\x11\x9f\x0b-\x12\x85n\x9f%(\xb8S\xf9\xd5\x1ac',2022-03-14,493
48f36867-e3d5-4d56-95a6-af38003a996d,yellowlion599,b'6\xd8\x7f\xd5\x92\xa8W\xd2Q\x9cY\x96\xe3_\x96\xce\xf865Rz\xd5\xe4\x1e\xca\x9aky\x95j\xa9\x88',2022-03-14,494
5c37677f-bf13-4716-9924-6ded37f42084,angryostrich664,b'a-\x99\xb7\xc3\xda\xc1d\xaa\xdc\xf7\xc9\xc4\x8a6\x96[\xac@/%7*\x89y&\r\xcbg\x17\x02\xe8',2022-03-14,495
7acf88cb-8bda-4e40-b361-ffb6448e27d8,organicpeacock901,"b""D\x1f7\xcc-'\xab/\x929\xa2\xb4\x86\xf5W\x92\xd59\xab\x16\x82\x14\xef<\x14\xb3>\x05\x19\x8d5\xb3""",2022-03-14,496
76c90ed7-898f-4f79-bf36-e5fd066286d8,purplegoose684,"b'\x06/E\xa2m\xaa\xf1\xd8]\x8b8\x15,\xbb\x0e\xb7\xb1\xb9m/Y 2\x83LA\xfd\xbb\x9a\xe4\xbf\x8b'",2022-03-14,497
68ec9f63-e22b-4a8e-a056-09d37469cca0,ticklishelephant446,b'Vwaw\x1a\t\xf0\xbb\xf0\x83&\x03j\xe4\xa6\x82\xb2U\x9c\x03\xfd\x80NMT\xb1\x1cb\x83\xee\xdaT',2022-03-14,498
5c594420-92ca-43ad-a831-a8ccf163b086,orangepanda522,b'\x14w\x91\x0b\xa8\tGe=F\xe3S(\xe6\x0b\x1b\x83\x02%h|\x17\xba%?!\xcco\x07\xa5\xf6\r',2022-03-14,499
22890e5b-40c8-4b19-a427-fe2de44c8332,redduck964,"b'.\x1d\xaf<+J\xbc\xf1\xfc\x0f\xaeTj\xe0""\xea<\x84y,\x84\x03g\xd8\xd8a\xdd8\xda\xbcgy'",2022-03-14,500
