name,value,created_at,user_id
AVS,b'\xad\x15\x82\x99\x81\x8d\xbf[\xb0\x8cA\xc0\xf0\xc6\xbe\xde\x90C\x84\x9aS\x96\x84X:=O\x82\x88J\x06`',2022-03-14,2
NINO,"b'>.\x1f&\xc2\x02X\xc2\xce\xa8\x9b(\x13\xa3\x14 V\x88\x92\x05\x16\xb6r\xfb\xb8,\x8f\x10\xd9\xc1\xb3)'",2022-03-14,5
CPR,b'\xd1\xb0\x03\xb0U\x93\xde\x9c2H\xda)yC0s\xf6\xfb\xb7\x98\x19%R\xe3K\x7f\xa8?JlAQ',2022-03-14,6
PPS,b'\xb3[S\xd1H\x9b\xec\x86|*\xee\xd6\x07\xb1\x8c\xd4\xfb\x15\x96\t\x00c\xbaB\xefFz\x80\xa9\x9b\xac^',2022-03-14,7
HETU,b'\xff?\xb7\x7f\x8aN\x01\x87\xa6\x87\x94\xe0\xe4OW\xb1e\xf3B\xdf\xc51l\xc26\x93\x15\xe7pE\xa2\x0f',2022-03-14,8
PPS,"b'\xc4\xaf\x90\x91\xc5""\x11\x14\xe8\xf34\xefG]<\x90\xbb|\x18\xd2\xd4\xb5\x84R\nc\xc03\x92\xc9oa'",2022-03-14,9
NINO,"b'\xba \x17\xea&)\xb8\xe8\xf5\xaf\xd0\xf0\x1a""R@\xab\x12\xc0v\xb9\xbcE\xa7\xe7r\xb0\x8cz\x86Q\x85'",2022-03-14,10
FN,b'\xbc\xeb\x93\xdc\xbd\x0e\xf3\x86\xdfs\xad\xfd\xd38\xa1\x95\x1a\xadr\x91\x99G\x89\xde\xe3\xeb\x9b5c\xee~\x1f',2022-03-14,11
BSN,b'\xe5R\xc8\xa1>\x10\x12z\xd4\x80q\xa7\xfd\x1c\xb1\xb1\xda\xa8\xe5\xd4\x88\xc7\x88`E\xef\x8ah\xe6A\x1b2',2022-03-14,15
BSN,"b'\x00f\xb9`\x8f][\xf84) H\xf5\x10\xbb""z\x88=)dT\xfb\xd0\x9f\x10\xd6:1\xb7X\xd2'",2022-03-14,16
CPR,b'\x8b\x19\xe4\x12\x85\xaby\x1f=\xaf\xc6\x068\xb1\xf5\xeb2\xf8q;\x93\xeb5\xc69^\xd7\xe9/\x9bo\xc7',2022-03-14,17
NINO,"b',9\xfc&d\x80\x0b7l\x02\xe8\xb9`\xf1\xbek\tb\x84\x1f#\xa7\x9a\xc4\x85\xe7,\xb6L(\n\xc6'",2022-03-14,18
PPS,"b'\xf8\xdb\\\x83\xfbg""\xf5\xd9^N\x7f\xa5\xaf\xe7O\x9d\x1e\x87\x95\x84\x1epO\x05\x9d\x8e\xb1\xe6\xa3~]'",2022-03-14,21
CPR,b'[\x13\xfc\x88!s\x8f\xd1\xd7\xa3f\xa5p\x9a8\x0b\xdcA`\xaaV\xff\xe1Z\x82XO\xcf$\xd7z\xc3',2022-03-14,22
INSEE,"b""\xdb_}9\xf2\xf5\x96\x8bw\xc9z\x80\xbb\xd4\x90\xcf\x8cP\x0bkR\x867\x90\xa5At\xb4\x95\x05\xa6'""",2022-03-14,26
PPS,"b'\x85\xb1\x82\xe1\x9a#\xbc\x87\x0f\x9c\xd5%O\x8e\x00\x064k\xe8\xff\x19\x1b\xa0\xd8\xa9(\x03\x06l\x03J""'",2022-03-14,30
AVS,"b'\x8cE[\xaf\xb05\x8bP\x9c\xe1\xa8iy\x00\xae\xcb,\xffr\xea~{\xe1c\\\xa2>\xbe\xfa\xbd\x1d\xa9'",2022-03-14,33
CPR,b'\x87\xc4>\xff\xf4@*\xa9\xd0\xa9\x00\xb4o-`\x18\xc0\x01\x91\xb9\xe7\xa7X\xa4\xa3T\xc0C\x84\xf4=5',2022-03-14,34
INSEE,"b'\xd0""\x8fq\xdf\x7f\x1cf\x15\xd6~\xc1\xc9=\xc01\x9b\x84\\\xd0*\xe8m\x81!\xe9x%\xf9\x07\xe2\x89'",2022-03-14,37
TFN,b'\x98\xc9\xf2\xc2S\x11\x1c\x00J\xaf\x83\x90^{\x0e\x10jZ\xf2\xf9z:P)\x101\x15?\xf7\x8b\xd9/',2022-03-14,38
CPR,b'@7\xebA\x8b\xbe\xed\xb1\x0blx\xb2g7\xa2\xf1&\xac/$Qy\xe1\xea\xad\xf6)SH\x8fE\xb3',2022-03-14,39
FN,b'\x04\xe8\xec\x86k)\xa37\xd0\x1az\x055!Cyx\x8a\xef;\x10-\x9d\x1d\xab\x89\xee\xe3\xfa\xa0\xec\xf8',2022-03-14,41
PPS,b'\x7f\xa0\x1d4c\xe6\xe1\x0c\xfd\xbf\xd0`d\xdb\xc9\x95`\x1a\xec\xb9\xbd\xc4\x98\xd1\xbd+K\xaf\x8d\xadq\xf9',2022-03-14,42
NINO,b'+\x0e}\xb4\xa2/5\\3\xa7l>\xe5\x0fdf1\x7f3\xfb\xec\x9e\xae~#\xb5\x8f2\x91\xb50\xbf',2022-03-14,44
SSN,"b'\xaa\xd3\xeb\x11\xb7\x1e.b\xe8\xd6%-g\xe4\xc5~\x00\xad\xe419\x07\x1c\xc1\xad\xca\x93_;\x8c,Y'",2022-03-14,45
DNI,b'\x0b\\PD5\x8e=\xb15\x96`\xb4\x1e\x17\xaaH\x92:\xdf\x14J\xa4\x9c\tWXJ\x03\xce\xd9\x00\xc7',2022-03-14,46
INSEE,b'Zg\x88\x81\x03\x1f\x1a \xcc\xfa\xf5Bk\xcbU\xa0\xe4\x89\xc1\xbe#\xef|\xa2\xd2\x90Y6ep\x99(',2022-03-14,49
HETU,"b""\xe1\xde-\xfeg\x99\x94p\xd7\x08\xb2\xd3\x1aPs'\x89\xc1\xf5;\xa1\x1bSH/\xa6\x0e\xdd\x14\xca\x94\x06""",2022-03-14,50
AVS,b'\xe4\xd0\x9b}T\x04\xf3:\xd3j\xe9\xd1W\xc2\xa2\xb6P\xf9\x03\xe8\xe6K\\\x84\xb0\xad\x82\xc3&\xfc\x19\xa1',2022-03-14,51
AVS,"b""\xberq\x15t\x02\x99>ow\xfb+\x87%8|R\xda8\xe4Y\xe0~\xa1cu\xec\x18'\xf4F\xb3""",2022-03-14,53
DNI,b'\xfc\x19$w\xaa<\xb9\x1a\xaa\x05\xdd;xbi\x9f\xa9~`\xd8gx\xfc\xf3\x1f\xe5\xfeU\xfc\x9e\x1fW',2022-03-14,56
AVS,b'\x83 \x95.>g\xe8\xd2\xa2S\xd4E\xc6\x92\xceO /95\xc6<\xfa\x18\xf2K\xc6\xb59\xb2\xa5\x8f',2022-03-14,57
INSEE,b'l\x8ci\xf2Z|\x8bd\xed\xb7\t\xa6\xd4\xbd\x03\x10\x00N\xb8\xdfs&\xf0Aj\x05\x05\xdcX;\xc19',2022-03-14,58
BSN,b'\xddi\xde\x8d^\x98\x818i\x1e\x8c\xfc\xb6\x96\xca\x991\x8dX\xcd\x89\xdb\xe0\xc8\xde\x99x\xbc\x96\x0e\xc2\xbd',2022-03-14,60
INSEE,b'\xa6\x88Xj\x0fb\x9a\xdbg\x84\x86\xfb\xdf\xc5\xac\xe5\xbd\x9e\xbc\x9b\x83s`\xab\xd5\xf0\xfcO\x85\x19\xe8\xe8',2022-03-14,62
BSN,"b""\xdc@=i\xc2\xf5\xcfMr\x17W\x13R\xe6\x85\x97'E\xf4\x1d\xa1C\xd1\x8e\xd1\x9c\x1a:q\xcbP`""",2022-03-14,63
CPR,b'\x8cK+#\xf6\xc5\xdd\xe8\xc0\xe7\xf7\x80\x93s\xc7\xd4\x1d3\rW5\x10%\xc2\xaa\x14\xea\xfa\x99\xdc\x16W',2022-03-14,64
FN,"b""X\x07\xa1\xb5J+\x86\xd8\xd3G%\xccIy\x97\x07\xd2\xd1\xe9\xc2O^\x18\x8f\xe3&\xe4'\x0c\x08\xca\xed""",2022-03-14,66
NINO,"b""\xf4%@:s\x15R\xd0\xb5'\xb85gD\xed\xf169+\xa2`\x07\x80@\xf8b\xd4\x1d\xf9\xa3\xee\xdf""",2022-03-14,67
PPS,b'\xfe\xb1\xe6i\x04#\xe4\xc6\xbc\xc0\t\xe2J\xb0Z\x84\xc0\xc0\x01\xcc\x7fkDg\x9a6Nx\xd9M<\xea',2022-03-14,68
NINO,"b'\x1a\x8d\x13\xc0\xeenE&\x96""W\xb2+\x05\x16\xb9\x9e\xd2\xab\x0e\xe2\\\xc3j\t()\x0e\xa4(\xd7\xed'",2022-03-14,69
BSN,b'\n\x99]B\x17\x88-e}\x82\x03\x84\xc6ze\x14\xf4|r\x08\xf6\xf1\x02\xeb!\xf8\x9d;@G\x14\x89',2022-03-14,70
NINO,b'\xf5\xd6\xea\x1ch\xd1\xb9w\xeb\xf3\x15\xd7u\x88\xa0\xbc\x01\xa5\xb6\xa0\xfcNRnwxm{\x97\x84(\x0b',2022-03-14,71
NINO,b'\xf7.\xfba\xd4\x96\xd5\xc5N\x9f\x9d\x97\x8a\xa5%Y\xa2C\x89\xfc\xdc<D\xe6\xab9\xf3B\xca\xf2I\xa9',2022-03-14,72
AVS,"b'\xbe\x02uM\xe7\xf8\xce\xe0LwF\xa2Us1W+\xcd\xb6b\x07J\x03\xecV,\xc6Z\xea8/B'",2022-03-14,73
DNI,"b'\x99\xdd,\xfcZvr\xc4V\xae\xbc|\x0f%\xf7\xc8\x8eb\xddk\xb5b\x10\xf7\xe6\xa3\x0cx\x15\xf9\x9b\x14'",2022-03-14,74
BSN,b'\xf5\xab$\x15\xffJ\x11\r\x83\t\x07\xfee\x04\xbf\xa2Q\xb1hff9R\x16\x88\x823r\x1e\xaa\xfe\x1f',2022-03-14,75
HETU,"b'&\x8a\xb1\xe6?;u\xce).\xbfRz\xff\xe3\xd8,t\x14|\xdd\xa0\xb7\x18\xa5\xb7?\x17\x13\x98\xf8\x02'",2022-03-14,76
SSN,"b'\xef"";6\xbbv\x8aa\xe2\xaf\xd6\x95\x92\xa8\x0f\xc7\x8e\xfcd\xbba\xaey\xd3\xbc\xdc\xe9\xa0/\xf0Z\xbb'",2022-03-14,77
BSN,b'\xe8\x14\xc3\x1dK\xa4z\x08\x05\xb3p\x97@\x07\x93\xdb\xb5\xa2G\x92\xb1B\xdd\xc1\x97\xf3\xa8h\xcb\xa0\xff\xc0',2022-03-14,78
HETU,b'w\x92\xc0\x8a\x9f4pS\xa3c\xa8\x17\x85\x08\xd5\x97*\xdez\x04\x12E\x8c\xd2C\xd8\xe7\x8c\xf3\xea\x86V',2022-03-14,82
SSN,b'-0Y\x95\xc0\x1bN\xd5\x94\x87\xee\xd4.\xc7\x14#\xdc\x86&\x90\x85svc_\x1a?H6\xe8\xc4\x0e',2022-03-14,83
SSN,b'\xffy\xeeb\xb8\xbf\x93\x93\x8f\xb0\xefy\x14\x0b\x822\x9e\xab\xa4rL\xeb\xee\xe5#s+|\x03\xba\x9b(',2022-03-14,84
FN,b'\xc2\xcd\xa4x\x1c\x98\xd8aj\xe3\x1cZ#\xc9\xfa\xc2\x85\xa2\x1f\xa8\xed+\xfb\x8e\xd1:?\xdf\xa5\xbd\xb0\x00',2022-03-14,85
HETU,b'\x1f\xbd\x9e\xf4\xb0\xc7S-?s\xda\x8b&\xcd\xe4\xef\xf8 \x98\xf7E\xfb\x84G\xd5<\x9ab\xda\xc1\xe8V',2022-03-14,87
NINO,b'3\x8d\xa1\xcb1\xd2\xfe\xd0;\x88\xb0\x94s\xc0\x12\xfeI\xa0\x1e\x835\x14\x19Y\x86%\x8d\x89\xf1M\x8fB',2022-03-14,88
AVS,b'\xcd\xed\xa2\xbfi\x9e\x1chX\xc9\x95G\x80\xc0Q\xeeI\xb9\xab#4b8\x95\x8d\xc1\xe6\x81\xa1rJu',2022-03-14,89
AVS,b'\x1e\x80\x8d\xf5I\xbe\xf8h:\xdb\xc7o0\xe5\\:\xcf\xa6a-\xeef\xa97\xd7\xda\xb7\xa5\xf4\xa7%Z',2022-03-14,91
TFN,b'\xe2\xa9_\xf9\x03\xd3\x12\xe8\xc2\xc2)\xef\xd3^\xe4uN\xa9\xb4l<\xa2\x9d\x02\x8b-o#\xc3o\x03\x83',2022-03-14,92
AVS,b'TL\xad\x18y\x1cOC\xf5\x89i\xe1\xa9\xe9\x91\x0eF|\x1bO\xed\xb48-\xdb\x04\xf9\xe02\x01\xba\n',2022-03-14,93
DNI,b'S\xa8\xbe\xf8\x03\xd9\x18\x81Y\x8c\xa0\xc0$\xb1a\xf0a\xd9@\xdaRk\x97\x15\x85[;\x9c\xf3\xe3\xb9\xae',2022-03-14,98
HETU,"b'\xa3{y\xd8\x87\x92\x8d]z\x99\xce\xca\xf5\xc8\x8c\x9d\xc5\xda\xdfW\x08\x86\xe5\xd7o\xfe\x00~""\xd6\xb3>'",2022-03-14,99
SSN,"b'\xcb\x93\xb0)\xca\xe2\xf65C[\x9f\x17\xd3\xbaC""\xe1\x85tz&\xcc\xcc\x82\xc0\xc6\x0fE\x8ce\x17\xe8'",2022-03-14,100
HETU,b'n\x16\x82^3\x1by\xe2\xaezp\xea\xecW\xb3\xe9pA\x19\xae>\x9b\xed\x08\x19\x08\x91\xbe\x98\x0e\xb5\x9b',2022-03-14,101
PPS,b'\xe3*\x1d\xec@u\x89Q\x99\x96\x08~\xea4\x16Z\x17\x0b\xa2\x1ec[*z\xa7\r\x85\xb3\xed\xfdJ\x02',2022-03-14,102
TFN,b'\xc9S\x90\x8bM\xf7\x9b7\xf4\xa1d\x11+\xf2J\x00\x98x@2\xf9h\x19M\xd6\x8c\x98\x8d!\x07\x05*',2022-03-14,103
NINO,b'\xf4L\x87\xb6\xd9\xab\x89\x8e\x96\xdfk\x15\x85d&\xd0\xb4A6\x18\xbd\xd1P\x80Wj\xdc\x87\x9d\x94.\xa8',2022-03-14,105
AVS,b'\xdf\x96\xab\xef\x03\xb4\x1b\xcc\x88\xd5+\\E\x88\xff\x14=\x10=\xd7\x9b\\v\xb4E\xd1I~\xaf\xd0T\t',2022-03-14,106
INSEE,"b'L\xed\x1b6\xf1\xb1d\x15\x8dS\xc8\xa82\xe0P\xb6\xf8""I\xed\xdc\xe5$\x13\x8c\xd8\x06\xb8\xc1:?\xd9'",2022-03-14,108
INSEE,b'\x82 O\xf9\xb7\xda\x9e\xd0\xaaT\x8eEMd\x07\xddq\x9c\xd9d\xden\xe16\x80\xc1\xb1R\xd9\xddf3',2022-03-14,109
FN,b'\x12\xd8\x9b\xabF?\xfd\xa2\xe6\xc6zK\xfc\xb0\xf9\n\x91\x18P\xb4_S\xe9X\x02\xfb\xe2\xd8K\xd4\xd4\xba',2022-03-14,111
DNI,b'\xb0\x84\x88\xfc\x96\xeb|F\x07\r\xdb\x17\x9eS}F\xab0J\xab\x88\xa9_\x8c\xf0\x80o\x95\xd9P\xc2f',2022-03-14,112
FN,b'\x98I\x8f\xd5D\x9bP\xeamN\x93l\xb0\xf4\x18\x0b\xecm\x02f\xfe\xd8\xc8\xfa\xd1\xcfu\xa4VB\x04\xfe',2022-03-14,115
SSN,"b'\x98\x88\xd606\xee\xd7av\xae\xd1\xf81\x1b\x01""\x88\x15\x15\xe0\x01\xa0\x9czu\xab:v\x11q\xdd='",2022-03-14,116
DNI,"b'\xb4v\x98\xc8""\xdb\xd2\xe5\x10\x89\x01q\xdd\x08\x08\x19L\xd6P\xd1c.\x80\x03\x82\xcc\t\xc0\xc4\xbb=\xe9'",2022-03-14,117
CPR,b'\xf7\xd39\xd2`/P-\x95\xe7\xff\xbd\x85\xe8\xe8\x80@\xe8GW\xbdH\xea\xe5\nJ\xc3\x97\x81\x9dq\x0b',2022-03-14,118
AVS,b'\x96\xcf8\xbap\x87M\x85/\x14.\x8b\xad\x8d\xd9i\xea\xbb\xb3m2\xa5fh\xbd\xf2b\xf3\\\x90\x7fq',2022-03-14,119
BSN,b'\x89\x14\xde\x8d\x99\r\xb1K7\xcc\xd8\x01\x9f\x9ag\x1by\xb8\xd5#B\x15$\x9a\x94\xcc\x9c\xb8\xf5{\xc4V',2022-03-14,120
INSEE,"b'\xce\xde\x14,c\xb2\riY\xbe\x98A\x08\xceS\xaaU\xfe\x04\x81\x83\xc2\xea\x8b\xdbW\x94tB\x81(<'",2022-03-14,121
INSEE,"b'\xf2\xca\x072\xa3\xc1\xe6z\x7fU""\x97\xd4iv\xc5r\xf4<H\xef[oG\x03%\x11\xcc\xfb\x10%:'",2022-03-14,124
HETU,b'\xe9\x04\xa2|\x83\x817\xbd\x7f!K\xa8IQ%\x06\xfel0l\xfdT\xc5X\x13>w\xfc\xe9\xdd\x14k',2022-03-14,125
SSN,b'\xb9\xe7Np\xe1*4\x82\x08\x9alB\xfbg\xd11\x90]%\x97d\x9c\xc9\x84{t\xb59\x1f\x93\x0c\xfa',2022-03-14,126
HETU,"b""3\xccs\xc2\x1fF\x04\\-\x05\r\xb6'\x0b\x80qh2\xc9j\x0bV[\x0b\x9c\xc1[\x99D\x00\xd3\xb1""",2022-03-14,128
TFN,"b""Xm\xad\rMeq\xd4r\xcc\xdf\xa2]\xb8\x9d.{\x8ci*'\x87\xdcx\xe6\xe72\x90\x99\x19\xbd\x91""",2022-03-14,129
NINO,b'\x15\xe8RCbD\xceQ\xb9W\x8d(\xcf\xee\xa9Q\x04\xb5\x8e\x7f\x99\x15\xfd\x01>\xa0T\r\x89v&g',2022-03-14,130
AVS,b'\x11n&)\xa9\xbe\xc0\xc4{\x89\xd5?1\xafr\x8f\xaf\x9f+\xc0b\xbdsG\x99\xbaLx\x8bl\x9f\xb9',2022-03-14,131
FN,b'\x88\x17\xb4\x14\n%\xd5\xd5B\n\x1a\xb8\xa3V\\\xe7=\xfe\x14@\x03Y\x99$\xb5\xd4[\xe8\x82\x9f\x82|',2022-03-14,132
INSEE,"b'\x03pW?\x1b\xd9\xb9\x91\xc1\xa1lH|\xdb\xe4\x06\xf4M\xe4\x87\xb9\x1d,w\x9e\xc9\x05a;v\xacc'",2022-03-14,133
INSEE,b'[\x90\x9e\xd0T\xa0\xf416\xa9\xd7\n\xcd\xd9\x8d\xc8\x86\xbd@\xc6\xaaI\x97\x8b\xd6=\xf2V\xe5+\x85\xf6',2022-03-14,135
NINO,b'\xfa\xdb\xd5\xb7 \x96990S\x19\xf0\x9eU\xea\xaf\x97V\xa6\x15\x94>\xf7\x0eO0T\xb7b\xd7\xd5\x01',2022-03-14,138
FN,b'a\xd0\xb5\x1bR\x96J`\x96\xc2\x99\xf0V\x01\xd6\x81\\\xd4\xb9f\x9a\xee\xc7\x9f\xb6\xc8\x84\xdeNg\xa1W',2022-03-14,142
PPS,b'EH\x13.\x19ir\xf0.\x0f\xfb\nGP\x86\x8a\x06\xa6\xc6qa\xae\x84\xf2\x81\xaa\x8dg\xa47\xc4d',2022-03-14,145
HETU,b'\xf6\xdd\x97 B\xe4\xb4o\x88\x88\xf1\xf0o<\x0f[\xee\xa2\xbc\xf1n\xd5d\xd2\xd5\x86\x87-\x9a\x1e)\xca',2022-03-14,151
FN,"b'f\xcb\x0em/\x88j\x16\x8d\x8b\xff}B.y\xc8\x16\xc3\xe1\x1f""Wl#\xc6\x87\xe9#:Gl\x08'",2022-03-14,152
BSN,"b'\xac\xcemH\xd6Zw\xf0w\x13\xc7\xe8\xb3\x18R\x1c \xf8k\xae\xf2w\xb7""K\xe5`\x8e\xfeF\xaf\x86'",2022-03-14,153
BSN,b'\xedT_+\xce\xad\x11\x895\x95\x11\xa0\xc6\xd4\xdev)\x00\xebp\xcc\xccd\xc6L\x9d\xb2q\x85\x81\t\x8f',2022-03-14,156
TFN,b'\xd2\x14\x9c\x07sn\xd7\x84%\r?m\xe6\xb7\xeb\rB\x8b\x0e\x8ch/\xd7\xd2\x01\x9d{\xd5\xd7T\xb5y',2022-03-14,157
FN,b'2\nbj\xe9\x1ch\x0fc\n\xc0\x84\xb2\xb7;\xed\xdf\xd0j\t\xa8\x98\xf5\x1a\x0c\x98\x12l\x0c\x13\t$',2022-03-14,158
FN,"b'\x00I\xc1K\xcf\xc9\x05$\xf8\x9f\xfeh\xf8]\xf3\xbf\xda\xdb\xe1\x7f*C\xa3\x87\x9261\x08""\xe1\xe5\xf2'",2022-03-14,159
INSEE,"b'\xbd\xfe\xb0\xee\xb3O\xb2\x93K\xf9\x93\xe1\xc6\t\xd5(}z7\x1d\xa7\xea""\n\xd8\xa0\xca\xe8\x0cz\xce$'",2022-03-14,161
NINO,b'\x9c\x9b\xb7\xe8w\xc2\xa1G\xd1\r\x9aG\xf1U\xce\xef\xa1\x07c\x84(\x1d\x90\xa4p\xe2\xd8W.\xa9d\xf2',2022-03-14,163
INSEE,"b'<\xf0\xfeub\x8f\xbc\x1a+I]A\x18X^I\xa1\x07\xcd\xa3\xc4\x1a\xe3K<\xd6\xaf%""5\x95\xf2'",2022-03-14,166
PPS,"b'/[\x9d\xc3\xf2oY7\xbe8-\xd5<\x10\xe2\x1b\x9e\xc9\xb6\xa2A\x16\x7fW\xdbd\x01~""_\xa6['",2022-03-14,167
SSN,b'5\xad\xf3\xf9\xcd\xda\x8aEqPk\x08\xf9\xf8\xcbg\x0bM\xeb\x99\xb6\xd7\xdc\xb5_\xfd\x89\x81\x92\x0f\x95\xa4',2022-03-14,169
SSN,"b'\xc2?\xab\x9f\x9bI\x87\xda\x08\xe6O\x8a\xe1\xf0z\x0c\xdc\xc1]\x05\xd0\x93\xea\\\xd3\xff%""\x03j\xc1\x9e'",2022-03-14,170
TFN,b'\xaf\x06\xaf\x7fzk\x16\x1b\xbfn\x98\xc7g\xca8\xd9\xc4\x8dbJ\x99\xa4I\xff\xecw\x86\xbfc9)\n',2022-03-14,171
CPR,b'\x9f/\xd0\x98\x16~h(\xf8\x1e}i\x86lxN\x12.\x1bM\xe2*u\x13\x8b\x8bJ\x0e\xd4\x02\x8a\xdb',2022-03-14,174
SSN,"b""\xa9\xa9\xdc\xbb\xb6\xeb\x97\nQ\xffO\x7f,O\x03'\x9e\xb4l.\x8b\x86\xbct{\x88!\x19I\x83\x186""",2022-03-14,175
PPS,b'\xb1~%\x93\xc8\x82\xa4\xc8\x1f8\x85HR\x95\xbei1\xb8}\x9e\x8d\xfc\x0f\xb1\x92\xaaD\xa7\x14\x97\r{',2022-03-14,176
HETU,b'\xef]#\xbdC\x0ft&\xb3\xa3b\x83\x88\x99Xl{\xc015\x9ec\x8f\xb1F\xef\xaf\xc7\xdf\xa5\xaf=',2022-03-14,178
BSN,b'o\xc0\x03\xad$\xfbo7\x92s\x86e\x84\xe3DT\x01\xca\x7f\xd4q\xe4\x11\x96d%~\x009w\x80\x17',2022-03-14,179
BSN,b']\xf9Z7\xd9\x1d\xf3L\xe6*f\x82`_\x1e\xc8\xc3\xeciq3\x08\x82\xe1\x03\xd6#Ff\xe9P\xa4',2022-03-14,182
FN,"b'\xdd\x1a\xd8\xab,\xf9nx\x1a\xf1\x84T\x87\xa8\xe5\x8d[\xfc\xc6p\xb8\xe5\x93\xa7\xe2\x11\x94\xfd\xe2(\xb5\x87'",2022-03-14,183
INSEE,b'ff\xc7\xf7Su\\\xe6p\x150S>\xf4\xd0\xe9;P\xd9\xaa\x14\xc7\x99\x85z\xc9\xf8Q\xee\xf3\x1e\x85',2022-03-14,186
BSN,b'\x90h\x13I5]\xf6\x06\xed\xad6\xa0A\x111v\xddml\xd7\xa2\x99^\x91\xc1Qf\x00P\xe7\x94Y',2022-03-14,187
FN,"b""\xa2\xbdC\xce\x90\xe9I'\xf0\xbd\xcaBx\x86\x9d\x15?n\x1a\xae\xf6\xd9HO\xe5\x12\xc4\x9a/d\x8e_""",2022-03-14,188
AVS,b'27`f\x1f\x81\x9a\xce\xd3\xfa\x7f.E\xd4:/\xd1\x12\xcb\xf9\xca}3\xa3X\xbfY\x9d;\x11\xba\x06',2022-03-14,189
CPR,"b'\xdc\x7f""a\xfc\n\xec\xcd#\xf6\xac\x1e\xc5_\xbe\xb3\x1d \xd2\xdfj\x9b\x8c\xc6x\x94\x03\xd0\xce`\x85\x10'",2022-03-14,191
INSEE,b'\xfd!\xe6<\xb2t\xd4p\xe7\xdc\xddj\xd1\x95\xad\xf9>\xc8\xb7\xdeAs\xa1\xa8\xd3p\xe3?\x83]\xcb\r',2022-03-14,192
DNI,b'\xb0yMV\x1d\xcb\x8e\x07\x81\xad\x81G<.O\xc1}Q\xae/\x1f$\xb7\xf6\x8c|\xfc\x15y\xfdw<',2022-03-14,194
CPR,"b'uu\x11$\x89\xba\xa8G,\xf1\xfd\x0e\xed*}\x13F\x0c\xf8\xac\xa1\xb2T;\xfb`\x0e%\xd4\xc66\xc3'",2022-03-14,197
CPR,b'\x05\x0f5\xe2CWD5Yd~\xe8?\x85\x0b\xcb\xa9\xaf\xa0F\xd6\x82\x97rKfp\x8a\xbe\xdb1\x01',2022-03-14,198
DNI,"b'\x8a\x94\xf4\x95\xcc\xd5\xbf6[P\xb4\x14\xbe""]\x17\xfb\x04\x00>\x0e\xa9&-\x0b.\x8144&o\xd6'",2022-03-14,199
FN,"b'\xb5E.\xb9\xc6\x93|\xdf\xcc""\x01\xb5\xe3\xddy\x02\x83E+~\r\x93\x9b\xa4\xe3vb\x05%\xc8o\x08'",2022-03-14,200
PPS,b'$\x12\x8c_\xd4_\x80\x95]\x18!z\xa2\x87\xd8\x19{\xa8\x9a\xa7Nd\x0e:\x07\xd7-\x8eU+\x02\x97',2022-03-14,201
TFN,"b'\x89\xcc\x93\x0f\x9ep_ 4v\r]\x87{~^\xf9=\xa9`5\x82\xf1\xa5\x98&Z\xd17\xa7""}'",2022-03-14,202
TFN,b';\xa7%\xc0\xf2U\xd7p\x92\x01\xc1\x8djQ\xe6\xcf\x897\xb1\x83\xe8\x83\x88>\x19q\xdb\xa7\xe0\xa5/\xf0',2022-03-14,203
PPS,b'\x11\x0bRflk\x96\xc4r^\x90\x1c\x86}\x92\x1f{\x7f?]\x1eD\xde\xbb\x06\xfe6\xc8\x08\x94\x02S',2022-03-14,207
HETU,b'8y+\xb6\xe5+l\xad\x18\x02\xe5o\xe6\x91\xb5\xbc\xa0\xdc\xfc\xa4}\xa5\xf3\x13\x11\xdd\x17}\x98\x15\xeb\xa5',2022-03-14,211
PPS,b'a\xfb\x86-/\xf1_b\x1e{2\xa8O\x07\xe7$\xd9\x06`\x81u\x92@~\x05\xb7=\xf3\xce\xa5\x8fi',2022-03-14,212
SSN,b'x\xc1\x1a\\\xad\xbe^I|yVA\x86\xd2]~\xc9\xb8\xc8\x80\x88\xc1.{<\xcd\xf3\xc0$\x99\x0f|',2022-03-14,213
AVS,b'G+b\xc7\xb9U\xfc\xad\xd5\xbb\x1e\xc9[L\xb8\xc1J4#\xadJHc!\xf3J\xceH*\x7f\x8d\x80',2022-03-14,214
AVS,b'!\xb4\x1a\xbcV Fv}\x84\x8a\\\xc2\xfb\xf2\xd8Q\xcf|\x83<\xad\x18\x98\xe8 \xaezw=D\xf3',2022-03-14,215
PPS,b'L\xb4&\x93j\x07\xdfF\x97\x8bSs\xb2\x07\x0b\x7f\xc4\xc4\x95g3\xb4\x1e\x00w+\xc2\xda\xa2\x0c\xcf\x9b',2022-03-14,218
TFN,b'\x9c\xb5\x85n\x0e\x18\x92uk\xb1\xae\xc7\x95$\x07d\x9e\x8c\xf6\xe2\x9f;(\x06\x8c\xa3\xe1\xfe\xe7\xda\x16\xab',2022-03-14,220
INSEE,"b'c\xff=\x10\xa4=w^\xff\x16|\xe5\x1e\x80P\xe0\x05\xd6\xdf""\xa4\x9e\x001\xd0\xa9}\xb8n\rj\x1a'",2022-03-14,222
INSEE,b'\xfc\x9e\xea\x00w\xb1\xd9\xcf\xad\x91\x1b\xce\xd00\xe7c\xaby;\xb7Qa\x9f\x92\x02\x84\x19d\xdbd-\x12',2022-03-14,225
HETU,b'sg_\x8c>\xd6q\x9b\xd2}2\xa4\xb1\xaf0\xad\xa0\x8bl\x9at\xa87\x04\xd1\xd5\xc9\x97Z\xac\x95\x7f',2022-03-14,227
NINO,b'\xf23X\x9d\x9d.\x1e\xf7\x98\x85y\x1a\x021|h^\x99S\xb0\t\r\x15~\x94?\xe4\xa5\xba_\x13.',2022-03-14,230
NINO,b'\x07^\xbd[](\xbf\x06#O\xebP\x93[\xfa/\xc5$\xdb \xd5\xfc\xc6\x9f\xf8oa]\xb9dB\x1f',2022-03-14,231
DNI,"b'l\xbf\xb3\xd2a5=c\xd7x3\xdd6\x9b\xa1\xdaV\xb3l\xa8\x97\xf0\x1c\xc6""\x03\x93\xbf`\xf2\xb3Y'",2022-03-14,233
SSN,b'\x00\x196\xa5c]J\x96W\xa6R\xbd\x1e\xde\x1b\xf5\x157\x9a8n\x84\x8bM \xa0\xb7\x0e6F\x1c\x94',2022-03-14,235
INSEE,b'\xe1\xc7\xc9\x07\xe20\x0fK]\x19Ax\xb6-\xf7\x1f\x8b\xb2\xeb\x0b\xbe\xae\xd9\x82\xa0Sx?\x1bn\xb1\xf8',2022-03-14,236
PPS,b'>m\xe7\xc34.\x06\xbc\xcb\xd4\xe80\xecgn5<\xf7\x1b\x0bdi\x18\x96\xa0\x00\xd8:\xdeuDu',2022-03-14,238
TFN,b'\x82\xceY\xdb\x8b\x12\x92\xcb\xc6y\x11\xa3\xdfAXJi\xcb\xee\x86\x10O}1\xb0\x94\xd0\xac\x1cD\x12\xd2',2022-03-14,240
AVS,b'\xa9bP\xde\xef\xdc\x10\xa3\xa6#\x81H\xac\xcf\xc7S\xd5\x8b\x14\xf1b<R\xc6g\xebkb\xbd\xd3m\xd6',2022-03-14,241
AVS,b'\x98z>\xe1\x18\xb8\x13\x8b\x8d\xec\xc8\x0e/r\xca\xae\xe9yT(\xddH&\xeb\xf8\r\xd7\xdc\xad[d\x0b',2022-03-14,242
INSEE,"b'\x85\x86\xad\xb3\xd0\xfeP\xa8\xe0\x13\x00\xed\xca%\xde\xfd\xc7\x02\xc9\xdb\x7f+\xca\xa3\xe3,\xe7\x0f1\xed\xce\xfb'",2022-03-14,243
AVS,b'\x8d\xa8a\xa0_\xd0\xeb*\x9b|y]q\\v\xdf\xa2-FF\xa1z\\\xe8>\xccD\xad\xeew\xda\x10',2022-03-14,244
SSN,"b'\xad\xa8\xab{[ef\xfe\xa8\xc2\x8fB\xac~\xfa\xea\xe0\xbb""\x90I\x8c\xf2\xd67\xac^n~\xabRi'",2022-03-14,245
HETU,b'\x1a\xa6\x93z\xbcY\xa5\x19/\xf1\xeb\x08\xb0\xa0RU\x01K\xbb\x00&\xb1\xc1\xaf\x86\x14\xf0\xf4\xca\x11\xd9K',2022-03-14,247
FN,b'k\x9fK}\xd7\x864|[\x92\x17\xa2>\xb2g\xfa\xd6\x8c\x9a\xbb\xb2\x8b\x16~.\xfe.\xba\xe2j\xd6\xfb',2022-03-14,249
TFN,"b'\x04\x91\xc6\x12\x14\xcb~\x967w\x0e\xc2\x8c\xb8\xb9\x17\xc1\xdc\x956\xfar\xd0\xcc\x05\xf9\xb3\x9f\xe4,\xa64'",2022-03-14,250
FN,"b'\xd1\xa2\xbf\xbe\xd7\x1b\x9e\xf0\xfa\x13u\xf6u\x8fO\xfc\xa1cpe\xc3""\xbb\x0b$\x85<\x82\xf1\\Y\xbd'",2022-03-14,251
NINO,"b""\x1fv\xe3@.\xc6m\xa7\xe2\xd3\xcb\x9c\xbay\x809E-\xd8\xd9\xf8Gp4'\x92\x08\x83}\x13\xe0\xa0""",2022-03-14,252
NINO,b'z\xf0\xccP\xdd\xb7s3\xc3\xb5\x1d\xced\xa9Tp\xa6\xf3\x11\xc0\x11\xe5\xfc\x9c\xd1\xc9/(\x1d\x0f#\xce',2022-03-14,253
NINO,b'\xe5\x934\\\xf8*\x14b=\xbe\xc2s\xfc$\xa7x*\xa5\x87\x80\x82\xbc\xf7Z\xe5\xf5^\xa71oz>',2022-03-14,254
NINO,b')\xf6\xad\xe6cFE\xaf\x08\x8f\xfda\xd56\x8cu\xa9\nU\xb6\xd4VH;m\x11x\xe6`\x01\xdcf',2022-03-14,255
BSN,"b'\xa5\xf6"">\x85\xa9>\x89&iyo\xc0)\xf2XB\xe4\xac\x10\x17\x94\xfc\x81\x89T}7\x99\xed\r\x9f'",2022-03-14,256
DNI,"b""E\xc0\x7fD\xe2exD/\x8ad\xbd\x89&\xe6'c\x0f\xf5\xa3\xeam\xbc\xb3\xe4N\xa1E\x14\xf2l\x13""",2022-03-14,257
BSN,"b""\xaac\xb3\xf89\x9b\xf7\xe0\xef[\xc9Q[\xde\x010Sty\xbfM\x08u[]\xd5\xb6\xe0'\\\xc6\xaf""",2022-03-14,260
BSN,b'#\x8c\xe4\xd0\x15\x94S3yB\x89\\%\x1d\xc5\xa6\xa8\xedM\xfc\xaf\x97\x85\x13\x12\x96_\x086\xaeH{',2022-03-14,261
INSEE,b'\x9666\xaf\xd9\xad\xe1mD\xff&S\x89Y\xe6\xa2285\xa4\x13\xbb\xd0\x03C\x80\x82\x8e\xedz\x9a\xb0',2022-03-14,266
CPR,"b'\xf0V-\xc7\xfb^J\xe3\xcf\xef\xd0\xa1o$fT\xa5oD\xa6\xdd{\x8d\x1d\xde\x1f/\t""\xe3\xf2\xf8'",2022-03-14,268
NINO,b'd\x1eY\xd6;\x85c\x8dtL\xec|\xbcg\xb9\x95\xe4\x80z@Q\xc4\xbe\x98\xb7\x94\xff\n\xd4\r\xd0\xb6',2022-03-14,269
HETU,"b""f9\x83>\x19I\xb64\xe2mq\x06\x13\xbe\xbf:\xcc*[8'\x92\x08P\x06\xc5;\x90\x9f\x9d\xed\xf1""",2022-03-14,270
HETU,b'DA\xf5\xf7.0Z\x0cw\x94\xdb\xadT\x88\xccM\x18~S\x88\x19\x82\xcdV\xf7:\x87\x87\xfd8\x85\x11',2022-03-14,272
NINO,b'\xfbP\x9b\xdeL\xfa\xa8E:\xf1\x0eDM\xe0\xf8\xb6e\xd8\xc6\x88\x85 F\xd4\xd75\xa0\x7f\xef\x14\xdf{',2022-03-14,273
PPS,b'ke(1\x85EH\xda5Zr&\xccu T`\xcf; \x1e\x8f\x9c\xea\x18\x04\x15\x1d\x8c\x1a\x07D',2022-03-14,274
PPS,b'\x9f\x96-\x8e\xc5\xca\x1b\x88\x16\xc9\xc6\xb6\x1c~\xa2kr<\xb2W\x0f\x96\x98?\xf0@\xdd\x8d\xa8\x987\x95',2022-03-14,275
NINO,"b'I\xa4\xc3\xd8\xbf\x03\r\xb1X\x89m\xb2\xeb\x0f\xefa,u\xd9\xb6\xad\xf7\xbe8Q\xde\n\xc4\x9e\x8182'",2022-03-14,276
INSEE,b'\xd9\xe8\xda\xa3rO\x01\xed\xea\x02F\xc0\xd8\xdd\xd2\x0c\xce\x88\xdcF\x83a]&\x82\x86\x8e\x9dV\xc5\xfdJ',2022-03-14,277
FN,b'19NrYY\xf6\x97\xa7z$\xc1\x97\xce\xfd\xfc\xb9R\xd6\xfd\xa5o(\n=\x1c\x0f\x90q\xbf\xcd\xbd',2022-03-14,278
DNI,b'\xb23C\x93\xaa\xd0\xa7\xfdC\x02B\xa4L\xb8C\xdc\xf8o\xec\xf2\x06\x91\xab\xa7c\xf3O9\x03l\xf3`',2022-03-14,279
DNI,"b""\x19\x82\x14\xef\xb4\xee/\x94\xca\xfe\xec\xc5\xac\xba\xbd'\xc5\xd7\x11\xb8\x9b\x8c@B`\x90\xa7\xc7\xcb\xc9\xff1""",2022-03-14,280
PPS,b'a;cw\x1c\x87\xb2\\>\xd3\xf4v\x85;\x1b\x07{]\x9fz\xb3\xda5/\x97+\xa0\x02\xc9\x182J',2022-03-14,281
PPS,b'\xd2\r\x1d\xab4.gF\xb7Nu\xb1:8X\xe8\xf5\xc9%\xf7\n\xf3\xecc\xb9\xd6\xf5G\xa4\x86_\xcc',2022-03-14,282
HETU,b'xLf\xfa\xa8r\x1d\x7fE\xaa\xbe\xec\x8a\x91\xf3\xf5\x8a\xe2\x0bMF\x01g \x03XP\xaa\xfc\x1a8\xe1',2022-03-14,285
PPS,b'\xf7\xaf\xa6\x8d\xf3.B\xa0\xaa\x10K\x8d\xe7\x9a\xe9\xf5\x18\x8b\xec]\x16^\x0e\x89\x83n\xfd\xe3\xd5(\x03$',2022-03-14,288
BSN,"b',\xb4\x05\xd0\xa6a\xa6l\x16\xa0m\xa6]\xbdy\xc0I\xedd\x7f\x1b\x14\xf2}J\x0c\xea\x14\xfe\x1b\xf3\x80'",2022-03-14,289
TFN,b'\xedQE\xce\x91Z\xcc\xdf\xa3\x95\xeb\xcf\xe0k\xb2\xb9\x00\xfdyi\xbd\x89\xdeQ\xce\xdc\x99&\x17\xc3l\xd6',2022-03-14,290
SSN,b'x\xa5\xa2\x88\xe9\x94\x97\x00S\xf8J\x86\xa6\x1b$\\\x85\x17\x80\xbe\xbfKp\xda\xa7\xd2\xe8\xafz\x9e|\xe7',2022-03-14,292
HETU,b'\x01\x91\xab\x13d\xf1\xe0\n\xbf|\x06\xa0\x0c\xbc\xd9R_\x97\xe3\xae#\x14\xf7L\xdfaACE\x9a\xca\x17',2022-03-14,294
TFN,b'\xd5J\xb7\xf2\x90an\xb1\x83:\xfaG\xc3z\x01\xe1\xc7\xc8\xe4\x132jW\xe8\xca\xec:\xfa\xee\xf2\xf8)',2022-03-14,295
HETU,"b'\x16m.\x02\xcat\x98\xa6\x1d\x91\xa1[\xa6\xb3,\xae\x99\xbe\x86pk\x11Y\x81\xec\xb5\xc5ZV/o\xf7'",2022-03-14,296
PPS,b'n\xf2\xe2lc\xfbJ\x00\xf3D7w\x10\xbcQ;\xa7s\xf4\xc19k|\x8c\x1b\xcb\xd1b\x07\x8e\xa5\x1c',2022-03-14,297
HETU,"b""\xa4\xc0\x81\xcb<\xe0\x99\x9ev'lY\xf6\xf1r\x9cS\x87i\xa9\xb5g\xc5\xd3y\xc3s\xff\x9b+\xe7=""",2022-03-14,302
DNI,b'-\x9e\x15\xe9\xc3.\x1eh\xbdM\xe0\xa1\xa4n\xaa\x89\xe4V\x18HW\xcf\x03\xa2\xd6\xcaFf\x9c\xe8d\x15',2022-03-14,303
DNI,"b""\x04\xcc\xab\xd3i\xb0\xe0N\xd1K\xe6\xfcAq\x9fp\t\xda'\x88?\x9eK\x81\x89\x12\xa2\x07\xe4q\x1f;""",2022-03-14,305
HETU,b'\x8b\x82\x8es\xa7\xd9\xc2\xd7[\xfc\xfe\xb7=\xcd>\xdb1ixb\xafT]\xb3\x1b\xe9j\xb6\x91\x04)\x1a',2022-03-14,307
HETU,"b""\xae\xe7s\xb8\x15\x0b$\xd5'=\xcb\xf9?@\xd1\xe3\xe9B\xd8\xb8(\x99U\xf6\x87\x16\xe0\xe6\xb8\x98\xc1\x85""",2022-03-14,308
BSN,b'\xb4yf\xe0\xf2\xdbh=\xed;[\x9d++\xef\x18\x9b\xe0+\xea\xec2\x9cG\xf9\x91\xf7J\xba\xc74\x12',2022-03-14,309
DNI,b'\x02\xea\xf4\xb3\x9cdY\x8c9\xfa\xb0q\t\xf6\xb9\xd03\xd2i\xeb\xb9A6\xe2\x1e#\x80u@Xf\xfb',2022-03-14,311
TFN,"b'\xed\x0e\x00\xb54\xa7\x96\x1c\xf3Y\xec\x96\xfc\xbf\r\x8cT\xf4\x11\xdeV4\xf1U\x0b*\x0ej\xd6h,\xb7'",2022-03-14,312
TFN,"b'm\xd8\xfa&\xce\x1b\xea""\xa3\x0bZ\xd1W\xa1\x9fd%$L\xe2\xa0\x04u\x1ck\xab\x9bw\x9c\xceh\x8e'",2022-03-14,314
TFN,"b""\x11\xfb\xd7'l\xe4\x16Z\xd3\xf47\xec\xdb\xa2o\x1eI\xcc\xb1\xf5*\x03up\xc8\xb0T\x05\xc7\xa6\x8c\x00""",2022-03-14,315
INSEE,b'\xfd{w\x12\xca\xa4\xec\x9a]\xf1\x00A\\\x8dw?J\x87r0\xd4\xe22p\x88\x16\x83)\xa4\x924F',2022-03-14,317
TFN,b'$)\x12\xfbk9\xad\x0bE\x13\xda\x06\x04n\x12\x87\x9eT\x1e\xe5p\x06d\xda\x8a\xcb\xd2\xf5@\x18\x84$',2022-03-14,319
CPR,b'.\xac\x96^\x1e\x18\xe0:&\x8e\\\x86\x00+\xb2#\xa4O\xd7v4\xbf`H\xe0\xa7\x9d\xda\x80\x9e\x08L',2022-03-14,320
FN,b'{\xec\xd6j\xfe\xdc\xc7<F6\x98]\xef\xd7\xb2\r\xb3\x0b\xc1\xd4\xbd\x07]l\x97x3\xdaD\x89\x1b\xc8',2022-03-14,321
INSEE,b'\x1b\x89N\xe3\x82\xe8\xf2\x1e\x06f\xed\xea@\xb9\x9f\t\x9c\xfc\x7fSl*ZK\xfd\xd6\xf9M*\xfe\xa3l',2022-03-14,322
NINO,b'\xdf\xb9\xe1\x1dN\x94`%Yr\xf7\xf0cM\xa9d\xf0b&VX\x19\xc4]\xae\xb3\xb1[-\xd7G\xe8',2022-03-14,325
AVS,"b'\xa1\x00\xa9`\x00k\xcd@\x02\xb8nJm\xf8\x82\xf9\x14\xf9""\x1c\xe2H\xd4\xf6\xd2AH\xa5G\xcf\xd2\xd1'",2022-03-14,326
INSEE,"b""\xde\xa8o?\x9d\xb6\x0e\x8a\x0bN\xeb\x11j\x1f'\x15\xc2\xe0\xeb6g\x02\x1a0$\x0bJ\xa8\xf3!\xa6\x13""",2022-03-14,327
TFN,b'\xd1\xb7r\xfa\xce?Z\x89\xae\xefO\xb8c\x1d\x80\x91\x8d{np|\xa3\xb5\xfb+i^\x0f\xaa\x8d\xd2\xbf',2022-03-14,330
INSEE,b'\xfcM\xac\xbd\x83\x88T\xa7\xfa\xd8Rx\x9c\x9c\x0662K!\xd9w\x80\xef\xa0\xa4&\xc5\xc6\xd0&O\xf3',2022-03-14,331
TFN,b'\x917\x08\xf8vZ\xff/\x8d\xb4s\x8e9<:\x066\xe2\xed\x1eSZ;\x95\xcd\x81\x13\x1a\xee\x14\xe9\xeb',2022-03-14,334
DNI,b'\x1e\x91\xc7\xb4\xbe\x04]`\x1bL\xb2\xd2\xa4:\xc9(S\xd3\x04\x93\x84Jh\xb97\xa6\x1c\xc0+We\xb9',2022-03-14,335
CPR,b'\xfe_\xad\xea\xd7\xfa\x016g\xa9\xbf\xc3\xef|\x81\xcc\xbe\xae\xf9I\x8c\xde\x12M^\x10\xf2f_\xba\xc3b',2022-03-14,336
CPR,b'\xd2\xc7\x87\xab\x9e\x17\x035mb\xc4;\xcfy\x95\xe5f| \xc9\xf8\x12`S\xf4;\xe3\xda\xb4\xff\xbc\x18',2022-03-14,337
PPS,b'\xc9/A\xd9>\xcd8\xf7\xf6Z!9\xd1x\xc3\xac\t\x1e\x16\xf8T\x8d\xcfJO\xca\xe4\x06\xde\x99C\xad',2022-03-14,338
BSN,"b'C\x9d\xf9\x00\x06\xb3""\xaa\xfc\x83\xe7\x81\x8d\xc0\xf3{\x04)\xdb\x02\xaf\x84\x08\xf2\xfc\xf8\xec\xa0\xde\xf7\xc2z'",2022-03-14,341
CPR,b'\xf9`\x9dVW\xaa\xf5]\x9a\xb6o\xff\xc9\xb27\x10\n\xa8\xbb\xe0\xffj\xd1\x1c\xa8\x11\x0e\xdd\xd8\xa4I0',2022-03-14,342
PPS,b'Z\x98d~1\x99\xec\xbb\x8c9\xf3\xfd\x93j\xd8\xa8\xbe\x17\x16\x80\xa2\x17\xcf\x99\x98\xc1E]drd\xb5',2022-03-14,343
CPR,b'\x90\x86\xfa\xd1\xdf\xbf]+\xec\xa8G\xd99@\x1bM\xd2\xd0\xaag:\xa0\x94\xe15\xe2\xbd\xf0xXY0',2022-03-14,344
DNI,"b'\x1f\xfa\\\xcc\x19\x99M\x96s\xdd\n\xe4\xa4\xa7\xd7\xb83\xe8\x129\xb1\xf3,\xbe-\xa8\xe0 \xb6\xa1{S'",2022-03-14,346
AVS,b'bS\xa8\x10\xe7\xab\x9aq\xf3\xfc\xc7\xe4\x97\xfd\x0eg\xf9|\xf5P\x94Vo\xae\x10m\xa9\x11V\x94:\xc2',2022-03-14,347
CPR,b'\xc5\xc2\xb6\x0c\xa6\xbb\xbaV\xdcb\xb7\xa9\xf2J\\Q`\xd6\xd4\xe1\xeb\xdb\xd2\r\x9d\x9f\x9e\xbe\x92w;c',2022-03-14,348
INSEE,b'\xc9J\x8d\x84\xedN\xff\xa4\x91m\x0f\x8e\x8aC2\xb3\xb0\x02n\xe8d\xe4\xea\xa4\x95\xa2\xf5\xc6J\xb6\xd0v',2022-03-14,349
INSEE,b'NP\xac%\xac(g\xf8\x81\x85q\x87\xe4n\xe8r\xabm\xba\xdf\xd3i\xd3Qn\xdd\x0e\x87\xd2*&\xae',2022-03-14,352
HETU,b'R\x0b\x14\xffS\xe4l\xe7\x1a\x84X\x8a)F28\xe6\x06\xcf\xe0\x80\xafm\xe9\xe23t\xc2\x98\xdf\x95\xaa',2022-03-14,355
INSEE,"b'\xa5.0\x9b\xcf\x1f\x162)\xf6E7Ii\x892,O\xc9j\xf2\x9d\xad\xecvNcwV\xa9\x97$'",2022-03-14,356
TFN,b'\x1c\xd0\x13\x91\x99\xaak9\xb6\x9d\x83*\xd6\xfa\xc0E\xbd\xb7}\x16Dr\xc11\xa6y-6\xfa8\xa8\x80',2022-03-14,357
SSN,b'C\xfe\xa8]\x9cPz\x1e\xc3\x9b\xbbb\x87\xe2\x1e)\x13\x1cZ=\x1cK\xbd\xdf\xaau\xb9\xb3\x82\n\x95k',2022-03-14,360
SSN,b'\x80\x8ew\xcd\xb1\xac\xe2\xef\xa7k\xd1\xad\xddhc)\xd1[\xc03\xdd\xbb\xb3m\xa9\xed\x8d\x07G\x91\x82\xca',2022-03-14,361
AVS,"b'\xed\x8c\x8c\x9a\xd3\x9c\x9e(`\xee\x0e\xad\xbfeS\x17\x99\xf1\xe6\x0b\x9f\x13\xf9\x1b\xef\x99""\x8dT\t\xec\xef'",2022-03-14,362
BSN,"b""\xb6I'\xa7\xb3%\xf4\xd4Gu\x1a\xe9*\xdf\x8c1\x1e\x11\xc5`j\\\xb2O\x8e\x88\x07\x04\xf5,\xec\x10""",2022-03-14,363
PPS,"b'\xfe\x11\x96\xcb\x0f\\\xc6\x0c\x8d\x80dm\xf2\xd5Z\xaa\xfd#\xee\x86\xb3\xf8\x00\xf4\x8a""$\x934=q\x81'",2022-03-14,364
CPR,"b'\xe9R\xa9M\xda\xfe\x08reh\x06\x9f\x16\t\xf4\xe0!l*h\xf5s\xf0\x01\x96*""!\xb2\xd9\xf2E'",2022-03-14,365
CPR,b'\xe4\x06gP\xcf/JW*\xfafC\t\xa9/(\xe9\x02\xcd\x86\x1f\xf5\xbc\x85m0\x98\xdd\xf8!\xe9\x9d',2022-03-14,366
DNI,"b']\x84""\xc5\x1c+\xb1\xc8\x0e\xdb\x98\x0e\xb1U\xc8\xa3\xdd\xe2\x04\r/\xb7Vcw\x9efc\xc7\xccH\x0f'",2022-03-14,369
TFN,b'\x7fG\x9e_\xe2\x1c\tJC\xb0\xac\xa4\xd6fs\\rRk\xa4O\xf8\x00\xc1\xf8\xa47\xa1I\xcc\xab\xd3',2022-03-14,370
AVS,b'a\x8a6g\x9f\xfa\xa2\xf3\x95\xda\x95\xc7\xf3i\xe6=\xfd\xe4viM\x81\xac%\x9c\xeb\xd6\x14\xfa\xe8;\x85',2022-03-14,372
SSN,"b'\xe2\xf0)\x1a\xe9\x16\xd5Vk9\xb7`c\xeb9\xf5\x0b\xa1\xd2J:""\xf2\xc3\xc2\xcb\x05@p\xb6\x93\xfd'",2022-03-14,375
SSN,"b""\x0e\xe4\xd1\xabu\x18\xc3\xe7\xcb\x01\xb0\xf6>\x9a+p'\xb9\xc8Qy\xc1\xc4\n\xae\xcd\xcf\x85\xa3&\xa8\xc4""",2022-03-14,376
INSEE,b'\xdd\xba\x94f/\xa7\x11\xcdT\xaa\xfa\x9f \xfa\xcf\x9bw5!\xc0\x9di]+\xe2E\x06\x08l\xc9\x02\xed',2022-03-14,377
AVS,"b""\xa3'\x8c\x8a(H\x0bzs\xe9\x81\x8e\xad\xc5F\xa1\xa9\x12\xf38\xad Eb\xa8\x8b\xe2|\xd7\x85\xce\x1d""",2022-03-14,380
BSN,b'NlZ\x82c\xf6o)\x17\x97\x8bb\xce\xaf5\xc9$\x0f\xfe\xdcr\xc4!\xe7\xe9\xea\xdc.7\x8b_\xd6',2022-03-14,382
INSEE,"b""\x96\x15J\xd8\xd6\xaf\xf2\x12N\xbd\xf5\x90\x01\xe6\x044\xdd\xc5\x95^T/\xe6\xe2'\xe84\xe6\x12\xd4\xc0\xa1""",2022-03-14,383
SSN,b'\xdfQ3\x00\x1f\x90A\x91\xabm\xa6\x82z\x83\xe3\x9b\xe5Y\xe5\xd1\xfd\xe6\x7f\xe6Q\xe4\x87\x10\xdc\xf2\t\xb3',2022-03-14,385
NINO,b'\xabE\xb1\xfd\xce\x9a\x07\xcb\x90\xaa\xf8\xb5\xeb\xdaVr\xae-\xf2\xfb\x9b.\x18\xb7\xbd\xd7\xaa\xe5~}r\xbb',2022-03-14,386
SSN,b'\xf2=\xba\xa5\xfd\x03!\xc5y\xa4\xfa\xb4Er\xb90\xbe\x93\xed\x05\xb4b\xb9\xf33\xc9F\x8a\x82\x80\\\x82',2022-03-14,387
DNI,"b'\x81&\xc4)\x88\x01.!%\x91\x19""|\xf2\xf1r\x02\xe3k\x93\x9dDidTA\\p\xddC\xa9\xdc'",2022-03-14,388
AVS,b'\x8ec%of9Fh\x97\xd2\nb\xf5\x86\xec\xbc\xca\xc7\xf7\x17\xbb\xf1\xa2j$gpJFW\x9fY',2022-03-14,389
HETU,b'\xb7N\x1a/\xc6\x07p6\xcf\x97\xc2<V\xcc\xd8\x05\x94\x89\x18p\x16\x83\x84\x03*\xeb\xd9\xffr\xc8G\xff',2022-03-14,392
DNI,b'\x87X|prtf>p\xee]\xe0\xab\xe1\x8aJ<\x94\x7f\xc4\x9d\xe91\xa3\xef\xc3NQ\t\xb0\xbb\xf3',2022-03-14,393
SSN,b'\xa58mF\x19\xb1\xdbI61g\xba/\xc5\x00\x08:\x85\n\xd1\x0b7\xcc\x84m\x04\xc6:*\x1d\x89_',2022-03-14,394
INSEE,"b'\xe8\xda\xd6\xf7fx\x0f,LTv\x1f\x02\x13\xca\x0b-O&\r\xba\xc4D692\xdfYbR\x9e\x91'",2022-03-14,396
AVS,"b""\x8a\xe0\xf1\xea@L\xcd7\x96d\xba\xf0\x1fqJ\x9aj\xa1\xff\xb3e\xc3'E\xb1\x90``\xad\xdb\xc4~""",2022-03-14,399
FN,b'\x80\xbfIYR\xe6\x879v={\xeb\xf3L\x93U|&\x01M\xe2w\x90h*\xcbZrt\xed\xc9\xba',2022-03-14,400
HETU,b'\xcb:\x1b0\x08\xb7y\xe7Q\xabh+\xef\xdbcd\xd6\x1b0Ah\xb1\x9f\xf2\xae\x99NM\xa0\xe8\xbf\xa0',2022-03-14,401
CPR,b'\xa8\xde\xbf\xce\xef\x1d\xa2\xe0l\xdcv\x14-\xbb\xd2\xa9=\xd5 *\x12\xf1Y\xd6\x0c\x9a\x18\xcd\x0f\x89\xdaS',2022-03-14,404
SSN,"b'\xd9\x0e\xaf\xf5\xbb3E\x13\x86\xc3\xdd,=\xdc\xc3\xb7\x16\x92\x11!b5\x85\xa3\xb4\xb8WH\xcd\xe0\x83\xb5'",2022-03-14,405
BSN,"b'\xc0#\x876\xc2\x83Q6\x7f \xa4\xc3\xfb9\xfd\xb2\xfa\xf2\x96\xd1A,=\x0c\xe8\xd3\\\x88\xf4\xce\xce\x88'",2022-03-14,407
INSEE,"b'\xf2\x84w\xfdM\x95\x19\x7f\x1c\xc0#\xef\x80\x90\x9a)\x01\xf0\xb8o""\xb3\xe4\xa6\x07\x80\xda\x08\xcd\x1c\xbe\xa3'",2022-03-14,408
FN,"b'\xfa\r\xb3\x17\xa4\x11\xff\xb9\x99n3\xc8w9d5\x1e$\xb6""\x95\xc8\x9a^Y1n\xe1P\xa7,\x89'",2022-03-14,411
FN,b'&v\x9b~\xc2\xfbV\x97h\xdf\xb8\xd5\x03\x96\xa9j0\x8d_\xd4\xd9\xceN\xb5\xb0\x90H\xaf\xce/\x0e\xc8',2022-03-14,412
INSEE,b'4p\x90\x98i\xe7\xe3\xf4\x0e\xe6fG<t\x86\xbd\x07\x8c\xeap\xaby\xf7\xef\x05\xe7a\x07\x03v\x95\xd4',2022-03-14,413
NINO,b'{\xa0|$\xab\xb3\xdfS\xbek\xd4\xe8>\xf2[\x98E\xff`b2\xe1\x8e_\xfe\x15\xe5x\x03\xa80H',2022-03-14,414
DNI,"b'\xfbx\xeb\x06\xc4\xcb\x1c\xf7\xa1\xc0\xc2\x1f\xef\xc2Z""\xab.\xac\xc3e\xfb\xf6\xfc9\xcbH\xae\xbd\x0ewB'",2022-03-14,415
PPS,"b'$\xf4\xb8\xd0\xb1c\xee\x9d\x04{\x85\xf5\x91\xf0\xce\x92\x90\xef\x82\xde{m\x85\x8diP\xc8\xf4""\x12\xafz'",2022-03-14,416
INSEE,b'\xcf\x11\x1d\x97<\xfd\xc9X\xbd\x00l\xbep\xa5V$\xe1\xd0]\xd8rp\x80\x99pl\xb2ex\xf8\x9b\xb6',2022-03-14,417
HETU,b'\x88k\x1b\xc9\xb5\xd0\x0b\x1bL\xce\xf9\x83\xa7\x9a5k\x11\xa1rr\t\xdc\xfdD\x8dn\x82f@\x97\xba\xc7',2022-03-14,421
CPR,"b""\xb2\xf3\xe6\x06\xfa\xaf?\xb8&D\xe6\xc3\\\xf2'\xd4\x81x\xdb\xa8\xe0\xa69\x01\x00\xc1\xae\xb9Ad\xdc\xaf""",2022-03-14,422
SSN,b'\x81C\x16\x8f\x9c\xff\xc0\xa4\xde\xd5\xa3\x05Y\x04\x19\x08\xbd\n\xa4\xc9\x97\x14\x95=\xd7\x85b\xb4-v\xfd\x14',2022-03-14,423
CPR,"b'\xca~\xec\xc5\xab\xff\xf1\x1bM\x01\xafa\x8d\x85\xd60\xffo\x04Q\xa1\x95,.\xcf\x1d\xe14\xf1{\xce\xdc'",2022-03-14,424
PPS,"b""\x9c'\x94V\xcdJ)`\x98\xab\xdd\xb9\x1e\x1em\xf5\xab\x05]\xd9'@{\x17\x00\nW\xc5\xd227d""",2022-03-14,425
FN,"b'\xab\x11\x0f?\xbe\xef\xe1\xcf\xb4\xb5o\xe3\x1e\x958\xab\xc6\x88\x90o_\xe7""\xe7\x1e\x13\x85[\x90\x19\xbe\xba'",2022-03-14,426
BSN,b'n\xb6\xef\xe6lR\x00v\xf2\xef\x03\x90\xa0&\xbe\xb1\x9f\xa2\xb1\x8d\xea\xa9k\xbb\xe1?\x0e\xeb\x89\x88v\xc0',2022-03-14,427
AVS,b'/\x93M\xc3\xef\xe7\xc7\xef\x11d\xbb^ J\xfa\xe0\x14\x90/\xf5\x8f\xc3Q[\xd5\xaa*\xec\x8c&\xbe\x9c',2022-03-14,428
PPS,b'\x96\xaa: \xf8l\xd8\x8a\r\x0cv\xddo\x0c\xcb{\xdd\xd9\x92?\x94\xf4\xaa\xe0\xe5\xc0=s\x18\r\xea\xca',2022-03-14,429
BSN,b'\x94\xd0\x06\xd6\x94\xe0\xbb\xba<\xce:K\xe2oC\x14`\x1d0\x90\xeb(\xf6U\xcdp\x80\x9e8g\xf9\xc5',2022-03-14,430
HETU,b'\x19E\xc0\x0eV4u\xa3\x002\x88\xca\x88\x98\xe8\xc5\x83Q7\xab\xcfQ\x03\xa0@\x02f\x13\xaa\x18\x12\x9f',2022-03-14,431
INSEE,b'\xd0\x8c\rh\xc2\xbf\x7f\xa4\xd9]\xf0\t\xff\xd9H\xe1\xc8U\xbb[\xe7ZoZ\xdb\xcel=\xec\xf9\xa2 ',2022-03-14,432
HETU,b'\x98\xdc\xe1\xb8t\x9f\x81\xb6\x91k#\x02\x92#\xd7\x90l\x8e^[\x92o8\x0e\x0fGLq\xa3Q w',2022-03-14,433
INSEE,"b'\xd5h!~\xf6""\x01D\xd6`^Y\x01l=&p\x96\xcba\xb6\xd6D3b)2\xd8\xc4\x9d7\xed'",2022-03-14,435
HETU,b'PE\xa4\xb8\x0b\x11\xa8(\xc78?\xeb\xdcF\xd8\x7f\xff|\xb9\xc7l\xc3\x07\x05\xe3\x10\x920\xa5\xdde\xc2',2022-03-14,436
DNI,b'\x0b\x92\xcd\xd5\xd5\x00\xb1\x03\xdc\x7f\xd1\xf4\xf1\xedk\xfe\xd5\xec\xbed\x04(c\xeb\xae\xcc\x00\x08/\xb4c`',2022-03-14,437
CPR,b'\xb6\x1c\xcb3w\xf7x\xe9r\xf6\xb0\x0fH\xc5r\xca7\x8d\x9c\xee\x06*yVp\x0e\xfe\x105\x91\xd1#',2022-03-14,438
FN,b'\t\xd9\xcb\xfc\xd5\xf5\x03\x14\xe0K\xafj\xf8\x13c\xbb\xbe(t\xe2\xfd1\x198\x114y\x1e\xb5Q~\x82',2022-03-14,439
DNI,b'\xb8E\xc8]x1\xa4U\xadm{\x05\x7f\x1d]\xb2\x9a\xe9\xb3\x02\xa8\x02\x8c\xb2\xf4\xb9\xfa3e\x9bb\xf4',2022-03-14,440
FN,b'+0\x8a\x91\x9d1\xa9\x1f\xba\xd6:fPciS\xbb\x11\xf9\xa3\x0c\xfaT\x07\xe2\x08\xb7\xae\x19\xe7\x85\xd1',2022-03-14,441
SSN,b'\xfd!\xe9\xdc\xd0\xe2\x84\xbb9k\xd3l\x89\x9c\x1e4\xd4\xe1\xe1wY\xc4\xfa[\xaaO\x18k\x13\x18;o',2022-03-14,442
NINO,"b'y?#t\xf4\xb4\xa5k\xad\xadM\xf8\x05\x1a\xf8\xea\x19\rO\x84d\xa6Fa\xeb""x\xf95\xa9tS'",2022-03-14,444
DNI,b'\xfb\xe3\xb6\xde\x7fh\x90\xec\xe0%TB\xcdL\x07(zq \xa4n\xd2\xf1!\xe8\xe5\xab\xa2\x90\xfb\xc1p',2022-03-14,448
CPR,b'\xaaJ\xd1\x9d\xa22\x88\x1e3\x89\x1a\x89<\x86\xdf.\xa3v\xc2YD8\xd5\xe0\x18e\xa9A\x8d\xafzN',2022-03-14,449
PPS,b'e\xa81\xbcj\xdez\x06\x04\x9e\xf0\x13\r9h\x8ar\\\xe2\xe6\x1e\xdc1\xf9Vo\x07\xa6\xfb\xe7Qa',2022-03-14,450
INSEE,b'n\xe3\xee\x19[+\xb3\xe7^\xa1\x11h\x16\x8d_\xa0\xfa\x80\xe5l>\xff\x06\x0b\xe9\x1c\xdb\xde\xc4\x0es\x02',2022-03-14,452
NINO,"b'c""\x11\x19\xc1f\x9a\xf1\xa9#\xa4\xdf\x072 \x1b\x0e#\n%\xc2Q\x1blt+\xa3\x8f.\x94-\x9e'",2022-03-14,453
CPR,b'\xc3\xa9TZ^\x87\x8fq\x06\x8d\xc3\xc4\xe6\xb1\x99%\xef\x0fD\r\x13\x96\xe46\xea\xe7\xed].\xbf\xa6H',2022-03-14,458
AVS,"b'\x0f\xcaF\xbc\x92y\xbd\xde\x97\x95,\xba\xd8\xfaD}I\x82\xc7[A\xc8\xfeEjO\xb0p\x1e\x10+\xba'",2022-03-14,459
AVS,b'\x88\xecg\xcar9\xddU\xd8:07\x00:\x8c\xe4:E\xf2\xa9\xf6s\x8c\xa7\xbbt\xb6\xe9K?\xe8y',2022-03-14,461
INSEE,"b'\x10\x01\nGh\x01!\x94q\xf34\x04\x81{x9\xf6\x19\xa4>\x1e\xfa{\x17\x81""\xa5\x91\x9e.&\n'",2022-03-14,462
INSEE,b'\x83n\xad4\xd1\x05\xb1\x93Vs\x0f\x18ifWn\xe9\xc2\x9b\x17\\\xc8:{tX.\x03\xbdK\x87b',2022-03-14,463
PPS,b'\x03\xbb\x93\x18\x06{\xee\xda\xc9\xe3\xe5oO;4\xa2\xc7\xd2?\xa5\xfd?\x9e\xdc\x996I\xaa\xaf\x05\n\xbc',2022-03-14,465
CPR,b'N9\xa2}\xf5][\x05\x1e\xdb\x8f\xb0]\xcb\x03\xcd9\xa7\x89I\xa9\xc9\nu\x845hosGN1',2022-03-14,466
FN,b'\xb8\x98~jPy\xab\xe9\x1c\x93\xfc/KvQY\r1\x07m@2:K_C\r\xdc4\xeaW&',2022-03-14,467
AVS,"b'\xe4^vI,0\xd26\xec\x16UQ\x956\xc8W+\x064,!S\xd1=\x87\x7f$\x824\t\xb2\xe0'",2022-03-14,468
AVS,b'd\xed\xce\x12\x81\xc8\x98\r\xf4\xdeVDH4\x05\x16\xc9\x17\xb4B\x95\x17^\xc5\x94j\xfc\xb4\xcb\x13\x97\x99',2022-03-14,471
CPR,b':\xe0\x8e\x94\xc0\x03\xd9=\x80\x8e(fwz\xa9<q\x14|B0\xc2\x80b\xc2\x02o\x821\xac\xd6\xce',2022-03-14,473
PPS,b'\\%\x9fP\xc6>\xb2\xd9EV\xa8\x02K\xb4\xfd\x95\xe4\xee\xc8^\xba\xa3g\x0b\x0c\x04\xae\xc9\x7f\xfeV5',2022-03-14,476
INSEE,b'\xcf1\xea\xef\x16\xca\xe4H\xe8\xfb\xdbc\xa7G\xd9N\xdb\xb0\x82I\x9e\xcaV \xa7!\x12\x84\xaf\xc5\xd2}',2022-03-14,477
SSN,"b'\xcd""4o\x14\xf4~\xc6\x88X\xca\xe9\x82^b\x19\xa51\n?o\x07Lh0\xe8\xf5d\x07\xd7s^'",2022-03-14,479
SSN,"b'Z\xae\xe5""\xb6\x04{;\xa7\xd1\x91]\xf9z\x84\x18\x02\x9e?\xeeL\\\xcc\xd9Mo\x896\xc0\x0f\x00_'",2022-03-14,480
BSN,b')2j\x8f\xeaE\xaf;e\xe1\x8e\xa7\xf8\xe4\x13j\n \x9f\xae\xa0\xff\x8bvD2\x1a\x96=\xd7\xa5\x86',2022-03-14,481
CPR,"b'\x02\xf3\xd4\x04\xa11\x1bSRI~=\xb8\xd6\xc5\x87\xcfEx~\xd7\x03\xe0\x8d,\xec\x14zW\xac&\xc9'",2022-03-14,483
SSN,b'\x84(\x1b1/\x9d\x12\x8e\xd8\xbb\xd4\xc8\x1cQ\x10@\x9bZ\x9f\x90h\xb2G%\ry\x06f\xa8\x99\xad\xf2',2022-03-14,485
BSN,"b'\xc0\xf8\x86\xa4\x82mg\x9e,\xb5\xddK\xef#\x1d\x10@\x16`Nl""=-\xf8\xfa \xff\xd5\x0b0\xbe'",2022-03-14,486
SSN,b'o\xfe\xa4\xc7.\xd2\x147{\xe0\xef\xa3VA\xa7X\x12\xda\xd4\xb2>\xcc\x1dJ\xe2OM\x97\x13\x8f\x7f\xa5',2022-03-14,487
SSN,b'\x04\xd8\x94\x1e\x81\x06W\xc23k\x0b\xb4\x9dp\xa6=\xb2\x83\x11\x18R\xf8\x9b\xaa\xb4xk\xd5Q\xc2AW',2022-03-14,488
BSN,b'\xfc\xeb\x9f\xdf\x85]\xdc\xad\x9cN\xf5\xc0\xa5\x89\xea\x1c\x81pn\xc9m\xc6j\xd3\xe0x8\x9fv\xb1\xce\xdd',2022-03-14,489
BSN,b'\xff\xb2\xa7y\xe7\xeb\xc4W\xa7\xe8wC\xec7\xce;\xdfv\xc1^Oy\n\xa4b\xceNs`\xc1\x8ev',2022-03-14,491
AVS,b'aH\x0c\x97\xc1*k\x83\xf7\x17\xdf\x9c\xbf\x1dvk*p\xa3zd\x02\xe3\xa4\xf2\x85\x97EJ2\xb6\xfe',2022-03-14,493
CPR,b'\x91\x97\x91\x11\xf9cR$\xedb\xc9+\x7f\x8b\xad\x8c\x8c<\xd4>\xcb:\xfd\xb3\x87\xb5\x86\xea\xcc-th',2022-03-14,494
SSN,"b'\xeb\x86Y-\xc3I\xf2""\x8a\xc8Y\xe1\xc0\xc79\xe02\xaf\xc6\xb1\xdf\xef\'e\xe5\xf3\x047\xba\x98\x80\x00'",2022-03-14,497
TFN,b'\xe1\x96\xd7D\xd2\x8b(\xd8\x8cI}(\xe0\xa9C\xee\x82\x8a\x91E\x92I\x99\xa8\xab\xf2\xa6\xb3]0$\xb2',2022-03-14,498
DNI,b'\x923\xe6=\xa0\xf81\xe7\xba\xfeu\xfcwaN\xd1\xcf\x95^\xc0\x02\x8c\xb0\xcbg\x1c\xc7j\xc6\xe1\xf5\xd4',2022-03-14,499
BSN,"b""9\xd2\xa7B\x1d\x7f\x8c1\xc1'\xf7\x8dX]P\x1c\x8f\xc0G\xea\xc8\x14\xe4\xa2S\r\xae\xa8\xfa\xe7\xab\xfc""",2022-03-14,500
